CODIGO,NUM.HOGARES,COC.PIEZA,COC.LENA,COC.CHIMBO,COC.ELEC,SAN.ALC,SAN.FOSA,SAN.LETR,AUTO.UNO,AUTO.UNOPLUS,AUTO.NO,ELDOM.REFRI,ELDOM.LAVAD,ELDOM.SONI,ELDOM.AC,ELDOM.COMPU,ELDOM.MICRO,SERV.CABLE,SERV.INTERNET,ALUMB.SPUB,ALUMB.SPRI,ALUMB.GEN,ALUMB.CANDIL,ALUMB.VELA,ALUMB.OCOT,ALUMB.SOLAR,AGUA.TUBE.DENTRO,AGUA.TUBE.DENTRO2,AGUA.FUERA,AGUA.NONTUBE,AS.SPUB,AS.SPRI,AS.POMA,AS.POBO,AS.CDA,AS.LAG,AS.VEN,AS.OTRO,NBI0,NBI1,NBI2,NBI3,NBI4,NBI.NNM,NBI.SSAG,NBI.SSAN,NBI.SSUB,NBI.HACI,NBI.VME
101,46859.67,39455.15,6935.3,28689.01,7137.84,16071.86,23276.13,6880.84,8797.24,1656.08,36321.34,38612.59,18626.3,34774.43,12439.12,14798.35,21896.21,34118.52,9114.13,41515,676,25,1603,2262,44,44,36105,5359,1455,3253,30827,11564,1964,776,439,19,87,494,24857,12440,3641,2519,2715,1075,4895,6763,13137,3722,3271
102,5003.33,4345.2,1840.94,2693.13,260.02,152.95,4352.67,331.9,643.01,84.67,4263.6,3594.04,1216.1,2975.57,494.47,863.66,1774.7,2835.98,397.31,4434,113,2,134,192,8,45,3307,1429,54,138,385,4347,84,61,7,0,2,43,2670,1560,437,180,82,111,115,358,1686,559,139
103,4238.21,3823.06,3333.42,690.89,45.02,29.31,3431.74,472.15,453.82,50.2,3726.92,2251.56,476.62,2481.57,237.16,429.75,905.16,1826.61,118.21,3092,154,4,542,308,29,59,2303,1253,115,518,527,3116,317,65,88,3,1,72,2267,1232,417,192,81,130,163,478,1382,338,10
104,7461.58,6164.93,5555.25,1389.88,129.45,73.95,5573.58,1263.31,667.37,103.13,6666.35,3440.54,722.44,4255.58,375.25,600.86,1195.4,3161.43,190.02,4389,226,26,1809,626,18,269,3916,2374,228,844,2844,3622,356,150,213,11,6,161,3543,2204,854,454,308,352,403,1116,2547,953,102
105,6738.22,5732.55,4049.08,2186.6,204.22,162.82,5468.73,816.66,875.61,169.26,5685.99,3879.1,1054.08,4280.83,1100.74,864.68,1412.82,3720.16,398.72,4886,96,14,969,581,8,97,4829,1183,66,573,4391,1681,298,20,167,11,1,82,3488,1958,620,324,262,209,343,823,2147,712,260
106,3462.28,3160.98,1725.84,1443.85,100.34,43.48,2951.11,344.25,462.75,64.19,2921.23,2195.92,736.53,1927.66,290.65,529.44,962.36,2083.25,200.49,2519,270,12,235,318,4,46,2604,631,30,139,405,2850,83,16,15,0,2,33,1915,1010,276,151,52,68,109,333,1082,200,111
107,22326.47,18090.31,11131.92,8487.45,1253.9,4516.26,13723.78,2608.04,2774.89,387.85,19093.84,13499.54,4072.17,15064.65,2016.68,3650.13,5771.14,8922.62,2142.86,15978,719,74,2819,1839,27,495,15075,3644,290,2942,11247,7498,1513,293,791,25,53,529,10628,6610,2425,1381,907,859,2051,3105,7413,2389,583
108,5378.43,4728.4,4239.8,777.63,133.98,41.14,4327.01,760.51,653.29,105.14,4614.89,3309.25,626.93,2978.73,314.11,663.98,1236.98,2751.72,104.3,4471,115,3,356,311,4,20,3646,1280,34,321,745,4197,113,10,169,2,1,43,2725,1605,473,286,191,174,267,707,1759,445,197
201,13481.49,10784.86,7753.74,4691.65,305.57,1196.38,9243.91,2237.82,1460.53,191.42,11765.72,7952.44,2641.05,7799.17,1041.39,1865.81,2817.64,5840.81,746.62,10184,286,33,1188,1408,25,81,7812,3921,405,1067,9254,2855,357,344,172,16,0,207,6156,4008,1564,943,532,597,637,2088,4698,1505,711
202,2663.45,2386.47,1932.99,604.14,25.88,27.41,1342.49,1052,130.28,27.75,2498.18,967.25,202.1,1148.39,107.51,171.54,321.86,759.99,39.77,1371,24,9,859,205,4,163,929,763,289,655,536,1323,120,66,572,6,0,12,845,604,383,408,396,194,592,984,992,552,31
203,4612.27,3913.23,3773.91,497.6,8.67,48.04,2726.21,971.54,307.22,45.66,4175.77,617.66,36.88,2270.92,42.62,186.1,25.72,425.56,25.22,128,457,388,1416,706,84,1168,1419,1814,234,881,1350,1994,239,148,528,24,1,64,1845,1077,666,490,269,367,617,1188,1263,411,8
204,2778.8,2107.13,2108.16,531.44,20.61,85.18,1725.37,796.98,211.34,21.35,2545,1250.08,560.14,1785.15,507.32,121.57,662.19,1109.54,30.17,1580,30,17,690,279,73,83,1273,714,101,663,1280,748,261,63,282,10,2,106,739,917,480,355,259,234,550,725,1195,415,239
205,1356.97,1197.94,650.44,582.86,59.54,10.46,1153.71,60.56,65.14,7.11,1260.31,689.53,71.8,782.18,75.9,126.81,340.71,606.86,31.85,796,139,5,183,159,0,37,738,503,4,75,960,285,20,1,37,0,2,15,607,548,95,43,26,22,54,109,563,119,0
206,1432.81,1293.41,850.63,515.02,33.93,1.32,979.92,185.82,42.92,6,1372.77,749.58,71.68,679.02,69.95,120.48,301.72,749.04,25.85,1075,4,3,85,224,0,22,202,136,46,1029,133,151,30,952,20,0,3,123,379,530,213,173,117,75,441,340,598,96,111
207,9732.81,7252.36,5959.22,3031.02,211.2,2444.04,5693.57,930.69,1224.04,142.1,8325.89,6062.52,1215.99,5523.4,728.23,1362.48,2396.09,4477.66,509.46,7811,103,13,548,915,9,54,4147,3810,426,1069,4411,3574,139,780,292,16,10,230,4726,3083,975,434,234,449,719,904,3380,910,83
208,6753.84,5485.05,3046.34,3287.19,125.08,1630.72,4110.64,676.57,1014.49,141.24,5577.02,4951.98,948.98,4136.06,724.37,1256.9,2367.06,4597.12,463.01,6016,186,1,143,205,10,10,4280,1826,27,438,1270,4688,30,351,139,22,0,72,3307,2096,637,318,213,231,509,742,2185,700,164
209,19785.86,15217.75,8754.71,9320.51,613.74,1398.94,15449.76,2315.97,3010.18,471.35,16272,14420.34,2772.26,12217.04,1931.7,3209.63,7778.43,13446.22,1036.23,16418,309,48,1455,1066,91,72,13178,4450,362,1470,11969,5914,624,157,545,9,78,164,9835,5796,2021,1045,762,877,1177,2296,6450,2569,669
210,6021.61,4016.14,4360.9,1307.87,103.19,155.51,3759.11,1626.38,705.81,114.22,5199.43,3260.18,971.11,3157.77,479.05,917.96,1329.07,2947.8,388.85,3534,624,16,657,867,44,138,2389,2555,207,730,1147,3958,232,79,242,10,11,200,2162,1473,914,789,543,365,635,1822,2148,911,357
301,31792.97,24267.8,17406.07,2189.65,10234.88,15993.1,5114.65,8002.26,5233.84,1061.56,25415.76,20870.84,7425.12,24134.41,3809.71,9426.46,13483.28,15107.12,5955.22,24784,243,51,1875,2314,1421,161,20726,5179,923,4020,18696,7646,1572,767,1242,40,117,770,14117,7260,3921,3044,2507,1551,3714,7811,8987,3335,2034
302,2592.54,2139.4,2113.23,56.8,366.09,39.42,1872.76,525.31,486.03,88.91,2013.58,1545.84,284.51,1798.49,76.95,455.27,805.98,931.76,150.75,2243,24,2,131,106,43,4,1329,870,123,229,1531,755,46,64,48,3,21,85,1342,726,244,168,71,62,181,363,801,80,169
303,6298.19,5588.24,5794.14,40.41,290.34,823.57,2472.8,1498.41,360.28,38.57,5897.34,2303.94,191.65,4128.64,52.1,284.32,685.73,687.31,23.46,4365,165,6,596,559,414,13,2245,3165,228,477,3410,2221,198,12,110,3,54,108,2172,1306,1274,952,412,592,310,2330,2199,472,227
304,4499.15,4147.4,4263.22,19.63,135.27,486.9,2050.9,769.37,586.06,91.71,3817.38,1452.77,250.48,3090.04,45.33,275.73,580.96,1355.72,59.15,2387,45,24,286,986,383,285,1236,1731,169,1261,2764,355,291,26,790,23,5,144,1470,1089,754,695,389,318,977,1535,1542,219,205
305,311,281,279,1,17,1,115,160,35,4,272,148,20,240,3,21,53,121,2,231,0,0,23,3,9,44,37,11,203,59,220,31,19,0,40,0,0,0,154,81,36,25,14,7,40,70,94,6,0
306,5564.6,4784.4,4870.69,94.39,465.46,978.44,2512.14,1562.5,625.63,85.55,4840.37,2077.23,328.23,4040.88,130.25,436.48,1023.4,2121.98,121.96,3302,36,41,702,885,363,23,1969,2352,126,904,2089,2353,532,12,237,0,1,128,2280,1334,809,674,254,330,409,1469,1916,346,118
307,1477.5,1264.88,1326.06,19.17,97.83,214.06,593.44,429.98,180.79,15.11,1268.49,706.91,110.96,816.95,34.8,119.03,286.37,404.16,35.59,956,2,9,214,59,100,87,694,566,17,151,996,273,61,6,62,4,5,20,507,371,231,216,102,71,93,461,592,120,107
308,903.03,840.99,871.03,1,11,6,229.12,507.57,57.01,5,840.01,326.13,17.03,581.49,18.01,54,107.01,169,8,679,0,0,84,28,99,2,170,589,11,122,680,89,50,2,18,0,0,53,283,188,191,153,76,83,71,372,370,88,0
309,1376.54,821.41,1049.9,36.37,259.17,3,974.72,321.04,198.61,28.22,1146.71,839.98,99.06,908.56,21.24,247.01,443.64,424.4,38.27,1184,33,1,14,49,0,0,413,828,9,31,30,1218,8,4,5,2,0,14,656,259,205,118,43,26,28,328,332,67,97
310,2650.17,2367.18,2582.8,11.1,27.09,7.04,792.49,1214.41,146.54,9.14,2492.31,423.14,45.37,1679.5,12.67,40.55,105.96,249.62,6.03,668,192,5,149,617,656,256,321,1378,257,589,438,1507,62,10,379,11,1,136,808,512,583,460,181,216,527,1040,855,154,0
311,2951.82,2717.17,2717.32,30.99,147.2,245.39,1104.53,1070.86,234.56,48.26,2655.93,1036.32,144.72,1827.96,32.65,197.45,543.56,914.05,31.18,1799,6,10,423,348,271,14,1365,1092,114,300,1772,792,119,6,111,2,1,68,1021,580,586,491,192,126,195,1171,948,131,305
312,2182.12,1924.21,2091.67,2.02,65.36,215.82,1190.16,495.75,255.84,36.87,1882.84,763.6,107.06,1230.72,26.56,141.7,232.3,806.77,38.87,1548,22,1,55,175,294,4,514,1164,74,347,740,1006,53,1,231,0,0,68,990,650,227,171,61,98,299,354,683,86,0
313,4549.16,3757.6,4120.37,46.83,318.04,793.61,1759.47,1078.75,818.05,160.14,3566.95,1873.81,261.06,2984.7,78.83,468.77,796.72,1680.44,109.38,2702,62,27,414,753,227,145,1497,1771,170,892,1191,2233,104,8,645,5,0,145,1568,1045,723,653,342,281,798,1530,1501,232,23
314,1688.34,1454.24,1622.46,11.35,26.88,92.36,743.89,581.48,139.58,11.21,1537.56,572.21,98.94,851.52,26.6,69.65,152.44,340.38,17.32,1320,2,1,30,159,143,2,649,526,27,453,1134,64,225,15,152,2,1,62,607,349,278,234,188,93,301,595,487,187,173
315,1417.06,1289.86,1363.89,0,28.17,225.88,493.06,303.1,71.31,6,1338.75,519.75,27.08,790.48,7.04,46.1,183.71,372.63,17.02,1016,3,1,184,37,146,1,491,659,52,186,1039,155,35,6,68,26,0,59,514,365,246,186,77,57,153,459,540,67,0
316,2406.21,2081.43,2216.05,14.11,142.78,433.61,1057.98,643.77,433.55,67.09,1898.55,944.46,329.12,1459.09,120.34,286.15,463.99,829.95,138.71,1442,11,2,365,284,144,15,972,1035,13,244,1556,462,116,2,84,5,0,39,945,510,347,309,153,171,129,704,789,161,115
317,841.12,690.84,685.22,32.26,102.72,3.12,502.99,181.71,116.55,7.65,713.65,424.1,81.66,534.48,38.88,91.87,219.68,269.07,33.34,580,19,0,15,30,108,47,44,549,41,165,426,202,21,7,99,1,3,40,282,187,155,108,67,26,144,285,277,51,37
318,21555.19,18038.64,13250.22,2655.43,4809.61,7689.3,8311.86,4326.43,4724.36,961.17,15838.15,14083.7,3533.92,15367.53,687.6,4635.59,7259.92,10482.57,1736.99,18261,318,12,532,1268,438,11,13617,4333,445,2445,12159,5560,1086,717,562,88,89,578,10222,5168,2347,1669,1435,1004,2676,4203,5752,1274,2186
319,5238.48,3994.02,3885.97,201.98,960.67,1690.2,845.78,2284.8,726.22,78.08,4416.95,2942.83,466.96,3680.6,120.88,686.53,1461.25,1803.62,147.64,4013,108,6,340,390,190,8,2045,1909,101,1000,2020,1877,417,313,235,8,26,160,2388,1289,650,469,259,166,494,1136,1585,334,253
320,3035.76,2717.83,2771.41,49.68,134.97,207.81,1688.68,992.19,425.68,78.24,2523.44,1079.21,187.8,1892.79,39.05,271.64,475.06,1023.96,59.11,1826,72,49,181,570,228,9,1549,1152,44,192,278,2451,103,17,57,1,0,29,1114,728,436,361,298,240,191,874,1064,140,581
321,5641.05,5018.38,4483.07,414.36,574.21,1209.31,2950.47,885.48,884.01,80.68,4673.22,3082.26,604.2,3184.17,262.66,635.77,1295.72,2498.55,242.42,4532,135,1,187,542,75,35,3422,1293,171,621,3901,964,140,29,333,7,2,130,2785,1422,645,404,250,228,512,1057,1643,335,181
401,14615.61,11702.37,5649.76,5560.02,2481.25,9723.41,1974.57,1802.62,3074.97,574.33,10896.13,10175.92,3082.55,10105.45,705.22,4060.59,7457.03,9826.92,1485.96,12857,63,7,476,542,261,12,10615,1666,65,1870,10639,1563,1030,167,326,23,181,288,8113,3179,1412,958,555,428,1605,2188,3268,861,823
402,3008.96,2607.49,2805.34,93.99,44.94,385.24,966.59,546.34,287.3,60.36,2656.02,744.26,153.34,1196.74,38.57,97.78,254.93,614.09,30.34,1536,143,3,572,219,287,140,1036,1145,51,668,521,1701,280,15,277,14,6,86,816,644,602,537,301,318,383,1276,1223,267,1
403,1623.74,1406.13,1596.71,6,8.01,6.01,337.02,896.22,136.35,22.03,1463.36,349.47,22.54,874.69,9.25,29.04,48.13,183.82,8.03,1100,23,1,309,48,78,4,838,355,16,353,104,1100,145,2,135,7,0,70,236,158,528,434,207,204,212,1138,564,137,0
404,7954.29,6564.44,6659.02,887.84,159.55,1609.35,2589.19,1741.58,671.88,117.44,7085.94,2228.68,646.16,3643.83,243.07,567.54,1011.99,1749.34,259.29,4342,130,33,1405,902,832,71,4177,2024,388,1126,4159,2356,604,81,292,28,3,190,2527,1947,1364,1032,844,912,586,2446,3460,1283,347
405,3853.34,3486.5,3400.95,195.55,178.05,1335.49,1325.95,950.28,783.53,91.23,2975.54,1893.08,475.07,2343.08,83.42,422.56,647.8,1892.87,103.38,3083,5,2,297,111,259,23,3051,459,37,232,3226,294,171,22,32,5,2,27,1905,942,484,301,149,239,85,795,1197,191,141
406,3665.03,3232.38,2955.82,222.87,319.75,1227.14,1214.93,384.62,744.01,153.64,2762.28,1761.22,324.72,2224.01,168.84,332.39,718.94,1604.54,119.64,3234,11,2,63,98,168,10,2235,834,70,450,2996,138,58,8,222,8,4,155,1446,874,523,479,267,260,407,1087,1295,193,186
407,1426.12,1158.08,1378.3,20.6,5.14,230.89,573.84,222.77,95.76,21.37,1304.98,370.81,54.15,459.97,44.33,51.16,84.15,365.13,8.2,1146,6,0,57,75,54,3,403,556,180,204,1031,104,72,9,58,1,0,68,523,326,264,156,74,131,127,391,474,120,3
408,1402.7,1254.11,1261.5,26.33,78.19,823.36,216.92,254.07,253.92,47.3,1097.38,677.56,122.73,809.17,20.75,127.72,282.44,537.29,30.51,1222,2,2,94,40,14,0,1075,223,5,71,1199,104,39,0,4,0,1,27,697,327,148,116,87,58,61,290,424,57,172
409,4278.52,3644.99,3543.3,225,387.38,1037.97,1582.98,701.03,466.45,75.57,3718.17,1614.01,381.53,2081.16,214.06,314.37,690.7,1274.84,127.53,2784,87,10,1063,145,29,24,1915,1533,142,551,1683,1808,164,101,180,15,1,189,1434,1080,666,537,424,404,393,1218,1858,602,174
410,6083.11,5169.65,5343.22,281.1,278.8,1217.97,2299.58,1645.95,648.66,109.94,5315.22,2130,335.22,2786.19,164.23,396.68,762.67,1574.03,91.11,3630,293,35,1197,422,177,174,2849,2070,217,792,2954,2146,289,37,260,8,4,229,2081,1660,1007,688,491,615,586,1618,2356,659,433
411,1944.48,1596.11,1720.03,85.76,58.95,48.4,1018.72,547.83,193.1,58.33,1682.81,802.82,133.51,980.88,42.62,105.29,259.22,580.74,26.77,1242,126,4,236,147,132,18,553,862,91,398,257,1246,155,14,82,1,0,150,653,561,287,225,179,198,232,541,874,204,1
412,3691.38,2972.07,3235.34,182.14,147.39,1087.24,1256.69,375.77,646.33,128.13,2910.81,1876.57,228.24,1774.11,112.37,238.28,587.45,1455.41,72.7,2793,5,0,92,166,339,73,1933,1089,53,392,2977,94,145,4,143,7,4,94,1338,836,556,496,242,300,253,1155,1249,210,160
413,9262.93,6753.77,5205.02,2947.52,614.43,5192.94,2475.76,847.82,1507.31,309.95,7432.84,6045.04,1051.32,5253.4,677.96,1202.11,2533.19,6185.49,513.34,7976,126,3,519,273,36,91,5134,3004,81,806,6085,1924,286,155,176,10,17,372,4640,2344,1010,607,423,592,707,1283,2602,1024,593
414,1275.05,1122.95,1244.05,8.08,13.18,321.85,191.53,320.83,132.1,31.32,1110.6,303,37.83,587.74,12.4,41.25,71.49,151.18,6.52,899,7,1,76,66,205,9,458,553,97,155,1020,87,75,5,35,15,0,25,330,225,271,257,180,217,134,626,450,130,161
415,2230.86,1876.9,2012.22,66.8,89.17,352.36,1175.85,299.18,175.49,33.53,2019.67,949.38,118.55,1075.21,34.44,137.07,273.93,828.09,28.07,1818,30,1,231,74,17,5,1138,594,79,366,555,1248,40,9,195,3,4,122,751,608,355,277,185,164,401,577,883,186,166
416,1175.46,1036.8,1043.53,26.52,49.84,381.44,256.07,205.89,106.45,21.32,1046.64,434.42,61.93,669.98,10.1,72.08,139.89,256.45,25.41,971,5,0,99,41,37,1,599,367,54,134,804,216,55,3,23,1,0,52,478,242,183,163,89,71,77,410,408,94,0
417,1725.37,1439.52,1516.25,79.28,71.33,808.67,342.48,299.2,181.21,32.02,1506.85,887.81,93.3,956.2,26.86,122.94,307.15,850.46,23.3,1494,12,1,95,77,15,2,740,711,40,206,475,900,56,122,22,1,1,119,783,434,224,167,90,63,148,408,563,85,88
418,2297.73,2091.5,2114.33,65.7,61.59,178.45,898.95,559.56,181.77,17.17,2097.78,949.03,63.3,1257.63,31.4,95.18,258.13,815.99,14.02,1763,11,2,254,130,108,9,535,1178,109,454,1688,132,154,3,140,4,0,156,756,443,466,435,176,138,310,1003,828,85,69
419,1754.48,1492.43,1521.99,154.1,41.08,556.08,554.16,316.26,171.26,34.32,1546.9,789.33,102.83,1055.97,21.26,140.22,243.67,614.15,26.2,1246,26,7,287,66,17,61,961,437,11,302,820,586,89,4,122,6,0,85,739,381,252,190,149,119,225,501,508,136,111
420,1693.26,1578.37,1451.95,89.99,125.17,364.62,860.52,376.51,231.22,24.19,1434.85,975.21,173.96,990.04,34.23,145.35,326.95,747.88,52.53,1442,4,2,93,49,54,24,1270,225,54,120,955,589,66,3,41,2,1,12,930,369,215,122,33,82,61,324,448,47,19
421,6369.2,5323.85,5631.51,492.22,115.86,1188.37,1580.53,1332.95,719.16,118.03,5529.01,2060.92,314.46,2885.23,106.42,332.77,720.61,1773.38,117.42,4013,41,38,860,351,707,143,2724,2471,178,780,2350,3009,200,15,372,11,5,191,1734,1146,1376,1238,659,709,596,2983,2447,609,118
422,1594.75,1304.19,1477.15,36.6,46.81,466.1,435.73,355.34,173.24,28.48,1392.03,635.12,79.21,1005.11,18.3,89.17,232.49,712.42,18.15,1229,15,0,248,33,11,17,440,766,129,218,1136,198,117,2,52,4,0,44,558,341,264,219,172,140,230,566,478,126,185
423,746.04,630.79,682.48,15.87,14.46,46.51,174.15,350.57,44.98,3.36,694.39,259.45,18.04,464.46,10.89,31.14,55.91,260.02,5.58,603,15,0,51,25,11,19,267,384,9,65,278,381,35,1,14,0,0,15,191,93,228,175,37,42,30,426,252,50,2
501,180503.44,135018.72,26216.25,105822.81,27344.31,133157.83,33834.11,11579.18,39663.25,8973.91,131397.71,153507.73,64689.1,133329.85,48379.81,53784.78,76404.01,96077.26,30835.49,165048,7777,182,1736,2989,429,172,152797,15187,4236,6112,102458,65428,3973,4714,605,118,258,779,107658,47941,12652,4971,5110,4766,12447,11344,40362,20516,11036
502,55946.41,37669.45,12347.01,33085.75,4225.22,28421.02,19648.25,7067.73,7569.8,896.78,47348.95,44243.19,12562.57,35600.46,9060.89,11037.49,20279.68,33100.35,5130.73,50735,1860,41,793,1222,70,68,39582,8783,2147,4276,31615,16358,2271,3067,313,13,748,402,30241,14862,5113,2542,2030,1818,5729,5812,12594,8042,1970
503,10329.67,8352.88,6047.23,3196.72,354.71,357.01,8158.02,1403.89,1103.82,198.72,8940.77,5980.31,1402.47,5476.98,2270.81,1036.9,1900.87,4332.89,365.51,8325,315,12,706,629,17,27,6768,2455,189,617,5829,3542,301,23,210,5,4,116,4799,3311,1066,506,347,402,479,1063,3668,1424,372
504,4447.49,3039.01,1456.96,2341.15,370.89,164.63,3293.09,834.8,460.23,48,3929.16,3414.62,401.89,2724.65,399.99,581.78,1574.06,2365.54,250.13,4008,110,1,73,129,9,6,1313,2466,268,289,3225,724,182,138,1,0,13,52,2119,1110,563,319,225,143,438,794,1234,587,203
505,5399.84,4165.47,2149.87,2600.42,208.38,500.03,3074.58,1649.03,585.84,57.06,4755.93,4132.44,591.31,3493.84,437.18,707.28,1537.52,3492.97,352.91,4816,58,4,209,209,25,11,3135,1617,102,479,3392,1414,306,84,78,5,5,49,2224,1325,809,621,353,150,429,1543,1701,666,296
506,30006.45,24819.11,7823.64,17334.27,2408.75,7184.31,19147.99,2654,4740.29,651.44,24585.86,24236.55,6660.07,19208.35,4930.99,5282.7,9715.53,16637.02,2300.68,27471,776,14,441,718,12,202,22028,4975,341,2290,19077,7783,1365,892,183,1,32,301,16481,9108,2338,1122,585,771,1166,2400,9177,2914,853
507,4805.95,3738.07,3935.83,415.13,242.44,615.11,2661.63,757.32,319.33,53.48,4430,2044.58,158.25,2726.91,122.98,257.15,604.04,1514.85,115.42,3299,30,10,645,563,152,20,1746,2107,90,776,1870,2052,367,33,281,8,4,105,1982,1117,697,522,401,190,465,1280,1549,675,376
508,5140.58,4072.9,2860.12,1275.55,756.91,1853.78,2704.85,416.46,836.66,120.87,4173.46,3440.5,924.74,2980.14,503.14,676.94,1158.34,2427.71,260.36,4120,460,4,201,213,12,1,4045,815,41,111,2348,2498,70,53,11,0,0,30,2729,1540,387,218,138,154,132,430,1655,533,242
509,12212.54,9615.45,3199.98,7430.12,919.16,3771.73,7147.6,1147.29,1692.52,163.98,10323.04,10105.7,2640.4,8582.78,1882.81,2444.38,4448.56,5038.89,1341.86,11301,234,3,166,242,17,0,8214,2897,499,352,5042,4985,164,1692,8,1,1,69,6459,3813,1063,359,268,324,1242,823,3506,1073,410
510,19077.38,15584.8,11743.25,4177.62,2039.73,1484.04,14620.82,1871.14,2903.63,518.92,15620.66,12762.74,2357.07,11457.43,1345.69,3096.72,5469.08,9978.25,927.8,16537,501,33,563,643,317,27,11180,5969,436,1036,6933,10512,343,225,238,6,12,352,10390,5674,1426,762,370,726,754,1638,5861,1517,245
511,35828.96,26635.03,10695.95,18856.62,3359.93,17008.99,13685.1,4327.86,5688.94,902.57,29163.11,29122.83,11116.6,23175.79,4539.94,7480.27,13119.64,20796.13,4822.15,32217,1374,22,949,665,57,20,24711,6964,1984,1644,21266,11354,860,1228,151,7,107,330,18837,9585,3568,1806,1507,1366,3453,4113,9068,4337,2517
512,16919.5,13639.84,2097.54,11385.6,1882.21,13135.9,2853.49,821.17,3215.69,504.95,13182.37,15048.22,7371.96,12390.97,4975.83,6085.89,9946.9,11425.24,4531.8,15659,631,6,84,210,13,3,13346,1464,949,848,9637,5535,348,932,2,0,15,138,9173,5396,1208,453,376,339,2040,757,4978,1258,737
601,34463.87,27056.75,19840.43,3784.14,9123.95,13318.03,4748.72,13786.79,5600.93,1120.34,27672.69,21384.82,3464.25,21958.62,4532.11,7459.64,9803.48,17486.99,3278.44,27341,373,60,4621,697,43,380,16939,9899,1365,5313,18080,8905,2323,1849,1022,49,601,686,14523,7509,5388,3811,2285,1052,4100,9707,9820,3269,1977
602,2026.03,1872.53,1934.42,5.15,72.34,16.09,612.22,854.6,77.58,13.03,1935.42,473.01,21.4,1255.26,18.27,76.3,125.95,295.69,11.29,957,13,10,752,23,43,212,222,877,77,835,338,769,79,126,588,11,2,98,572,551,387,337,164,67,699,680,732,162,2
603,5649.89,5063.22,5426.94,37.4,154.5,39.93,542.23,4167.72,169.69,26.05,5445.6,1266.95,80.96,3129.64,51.98,128.39,194.54,613.58,29.73,2055,290,20,2613,307,69,140,705,1805,393,2592,845,2013,813,360,1232,17,5,209,1997,1863,868,526,240,319,1464,1036,2103,227,0
604,691,646,658,4,25,8,316,277,36,4,651,238,24,462,7,38,122,195,7,452,5,1,34,7,151,34,471,75,3,135,349,197,11,17,87,5,0,18,269,150,124,100,41,26,110,236,182,29,53
605,5421.1,4760.05,5118.7,47.85,194.83,62.76,1082.67,3321.19,242.05,46.01,5126.03,1181.12,98.72,3328.8,48.13,141.68,315.61,463.23,42.5,2102,84,28,2401,172,152,332,853,2039,374,2006,1365,1817,488,206,1144,18,4,228,1980,1657,836,515,283,279,1395,1113,1888,273,3
606,9187.45,7766.97,8507.98,193.38,275.89,363.56,1492.59,5965.18,470.6,53.69,8595.02,2424.93,140.05,5057.81,156.89,400.63,585.04,1633.66,133.37,4252,78,50,4069,374,10,107,1897,1665,538,4839,3067,825,2855,1266,708,30,27,160,3344,2444,1487,1100,565,445,1353,2617,3248,497,372
607,10163.98,6926.25,8499.31,484.48,833.88,1013.26,4053.13,3821.1,1135.85,153,8843.87,5112.25,326.19,4839.47,361.62,711.68,1164.98,3318.73,299.78,7805,490,11,1004,423,23,50,1660,5366,504,2274,1944,5419,1246,593,48,28,45,481,3115,2799,1783,1289,819,354,1343,2973,3984,1571,582
608,1090.05,930.23,1005.18,1,59.4,94.31,644.89,100.73,49.87,6,1034.18,288.57,12.21,763,27.65,48.17,80.75,258.87,12.58,607,2,1,278,9,45,125,365,226,5,472,453,63,72,82,325,3,0,70,295,373,130,155,115,56,398,294,428,114,1
609,6222.39,5030.96,5937.94,47.97,149.62,20.23,1103.7,3925.65,262.98,20.39,5934.02,2103.71,70.45,3444.38,115.45,231.91,322.84,686.8,60.02,3744,114,6,2049,113,9,45,277,3043,381,2379,516,3100,1215,274,723,2,9,240,1947,1558,1117,910,548,340,1198,2169,2276,369,344
610,4079.05,3411.84,3757.38,25.86,235.67,376.78,1128.39,1443.69,217.97,28.16,3831.91,1418.6,85.45,2572.64,58.34,243.92,381.64,1094.84,108.88,2610,109,6,955,59,171,104,416,2477,117,1006,294,2673,185,69,635,23,7,128,1245,1117,754,583,316,124,807,1400,1615,322,35
611,5459.44,4832.63,4920.24,46.11,426.45,478.07,3284.14,578.92,523.3,55.04,4877.1,2364.93,143.67,3559.9,173.14,395.13,831.87,1264.45,191.82,3421,88,15,1480,101,10,175,1168,3185,194,743,2633,1844,192,110,327,48,11,124,2380,1492,701,518,199,154,528,1216,1804,319,48
612,1327.5,1077.25,1224.9,7.33,66.24,11.38,725.25,166.6,91.82,9.16,1225.48,549.57,26.81,753.32,25.5,55.41,177.86,361.27,6.55,998,4,2,264,6,2,32,277,578,50,402,865,18,232,36,74,1,8,75,433,366,218,210,81,38,157,447,580,92,6
613,881.44,705.06,830.31,5.24,33.65,6.02,366.21,96.15,20.85,5.02,854.56,267.32,13.41,474.72,3.14,22.51,74.82,93.01,5.05,555,6,4,194,44,48,8,106,519,2,231,13,601,24,32,76,0,1,111,247,160,173,207,71,48,187,420,305,42,1
614,903.19,789.8,855.12,4,29.38,2.05,411.36,250.18,23.63,2.26,877.3,239.28,7.5,437.14,5.01,7.56,34.65,97.13,3.37,657,2,2,222,3,1,2,75,369,39,406,15,438,80,36,248,6,2,63,241,249,183,136,79,47,320,261,374,96,1
615,5568.72,5113.88,4392.5,267.87,769.38,2106.62,846.11,1730.22,653.36,119.07,4788.91,2421.55,438.74,3866.18,125.43,808.66,1437.18,2186.6,318.77,3507,36,14,804,216,388,518,2043,1904,155,1379,2561,1289,302,385,692,45,23,186,2190,1456,832,663,340,180,986,1522,1688,167,494
616,3140.94,2608.97,2627.53,78.17,363.78,93.2,531.57,2244.4,235.17,38.75,2861.96,1417.53,164.86,1793.72,104.67,208.67,435.4,759.9,63.98,2345,107,1,562,38,3,22,309,2277,47,445,136,2480,105,27,173,8,1,149,979,704,673,494,228,109,364,1229,1141,210,251
701,3405.13,2924.24,2713.79,71.29,546.65,572.46,1476.99,1052,395.88,42.19,2957.14,1322.72,188.69,2304.94,52.67,340,671.21,976.94,104.72,1822,41,20,839,265,244,99,977,1980,47,328,1915,1060,60,28,152,8,0,109,1526,715,570,369,150,141,273,937,966,141,192
702,1926.09,1665.96,1835.77,6.04,64.26,3,703.3,892.31,165.52,25.01,1732.55,441.01,20.1,1278.95,11.01,44.17,177.87,318.96,7.03,883,21,12,604,131,158,60,252,705,21,892,825,152,315,30,512,7,1,27,699,586,278,222,83,57,547,431,597,84,0
703,43166.06,35256.29,30824.15,3176.12,7076.28,12658.87,14616.52,11819.52,5897.91,1101.56,35989.56,18774.99,3055.77,28980.35,1372.9,6862.68,10755,18098.96,2521.59,25669,530,404,6961,3162,2845,2017,19085,11801,1513,9190,21224,10155,2087,1633,5101,159,82,1147,17863,12007,5874,3733,2112,2635,7449,8003,12632,3061,2322
704,9899.87,7880.71,6681.07,815.45,1978.47,4416.96,2798.27,2136.56,1479.27,295.67,8104.01,4383.55,814.92,6877.43,323.72,1718.53,2842.05,3787.74,723.47,6144,140,110,1849,846,225,173,5777,1925,428,1358,5788,2116,234,372,733,14,29,201,4579,2535,1139,723,512,364,1584,1674,2531,572,797
705,2275.17,2021.46,1856.66,31.1,322.12,42.03,1285.95,650.13,245.58,29.03,1994.5,942.92,125.22,1620.11,38.03,247.4,475.35,344.33,23.05,1514,9,18,150,209,251,50,746,1301,16,138,927,1134,53,1,25,3,1,56,1084,470,362,223,61,103,90,585,583,46,127
706,1024.46,900.24,648.95,38.33,293.71,85.26,636.14,267.72,180.43,35.25,806.78,687.55,105.28,746.37,32.58,280.31,457.56,640.91,135.83,921,12,0,11,17,23,9,432,428,3,130,779,51,18,39,81,4,0,20,440,257,148,108,40,27,136,263,280,26,59
707,2069.87,1801.47,2021.49,1.01,34.09,21.23,187.51,1367.7,52.98,8.04,2006.83,366.07,25.64,1003.68,9.03,39.26,79.52,287.37,13.67,962,74,8,895,59,11,14,120,646,88,1169,150,701,106,43,970,7,0,45,221,460,543,507,292,170,1021,1063,747,269,0
708,3929.9,3246.07,3384.93,33.39,411.44,143.79,1487.01,1795.9,400.9,48.06,3461.94,1413.06,122.66,2594.55,37.29,266.55,532.12,590.71,71.77,2105,41,11,576,316,447,278,514,2318,251,690,1898,942,187,301,287,5,12,142,1450,789,683,533,320,140,536,1370,1248,199,275
709,1367.83,1161.66,1226.12,7.02,116.46,5.28,853.93,350.3,95.7,20.81,1250.31,569.38,42.6,901.19,26.58,103.41,246.84,425.51,33.46,905,21,12,174,54,125,35,284,915,11,116,461,745,36,11,45,1,0,26,582,318,230,162,35,52,72,400,436,46,0
710,979.05,913.39,925.53,1,33.32,57,668.41,193.2,69.79,7.07,900.19,446.83,45.47,680.63,10.1,49.64,168.99,44.61,8.1,707,11,0,111,65,74,5,285,542,2,144,87,740,89,2,21,9,0,24,513,298,88,54,19,40,54,131,335,27,0
711,1182.28,1099.14,1117.34,6,31.26,7.04,674.19,194.96,36.38,7.04,1134.78,223.92,21.26,644.03,14.22,44.82,89.53,157.96,16.48,578,8,0,261,64,197,64,176,738,64,194,451,523,20,10,94,6,1,68,513,289,172,147,51,71,169,334,331,46,0
712,1674.39,1596.19,1615.2,0,40.25,11.74,830.99,318.23,65.43,3.07,1593.2,216.73,24.17,1340.45,6.42,58.09,97.27,112.74,18.91,605,7,0,228,66,666,78,81,1165,43,362,357,930,102,7,169,4,0,80,538,399,300,234,179,111,309,615,563,103,157
713,1230.26,1003.61,1052.62,14.08,114.68,2.01,480.45,654.35,125.71,9.1,1093.44,547.21,28.21,650.06,19.17,101.42,235.35,318.37,13.08,950,19,7,72,124,19,6,219,809,14,154,94,929,34,93,20,0,1,26,688,259,175,66,9,20,47,230,275,44,0
714,2044.47,1820.26,1963.07,1.02,46.88,3,503.64,1134.01,115.46,18.25,1908.77,589.29,39.57,1251.28,27.61,81.12,212.14,385.28,12.17,1087,1,3,514,31,110,247,136,758,120,980,801,206,181,110,616,3,1,75,416,406,539,442,190,62,695,1046,625,135,0
715,8863.73,8028.12,8295.21,44.58,409.87,754.14,2624.34,2939.64,800.99,122.64,7925.6,1330.58,169.88,6281.51,52.15,431.56,560.98,956.41,154.89,2389,25,25,1684,801,2518,1262,1397,3413,374,3521,2295,2837,460,60,2640,21,5,386,2087,1642,1777,1974,1224,746,3093,4314,2971,626,309
716,1790.13,1590.58,1744.59,0,36.27,1,229.75,881.1,34.92,5.07,1747.09,235.56,12.26,1267.34,5.21,38.15,68.13,179.13,9.41,450,4,5,874,29,225,178,97,616,55,997,411,355,173,31,638,14,0,142,221,328,470,484,262,75,794,1067,649,176,0
717,793,740,784,0,4,26,346,237,13,0,780,131,8,514,4,8,30,44,2,428,4,2,307,3,18,23,77,159,82,467,99,218,64,4,387,4,0,9,186,281,137,109,72,37,400,209,277,55,0
718,337.06,322.92,323.95,1,9.08,0,107.97,128.37,19.14,5.04,310.85,155.05,8.08,251.46,1.01,10.11,42.37,9.1,2.02,237,0,0,38,2,41,14,150,122,2,58,260,14,15,0,40,0,0,3,97,36,122,62,15,11,43,195,78,7,1
719,9447.25,8700.95,8607.76,342.26,347.23,1131.84,3019.88,3126.33,611.61,77.16,8739.35,1302.89,155.27,7119.01,107.18,384.22,596.83,1466.28,140.79,2121,81,192,5151,444,486,821,1532,3937,534,3292,3467,2400,308,113,2387,105,3,513,2735,2136,1743,1697,985,1040,3038,3572,2714,591,398
801,270733.26,202158.59,46270.19,23801.95,159257.26,189256.43,25302.1,49419.24,62428.04,18770.45,188985.87,225467.39,86104.47,207898.41,25017.21,113100.73,161216.5,191033.34,58673.53,250709,1387,140,2369,4914,963,158,196622,35412,2953,25653,192687,38530,6308,3413,1521,134,15379,2667,147958,57130,26206,18370,10975,3238,27108,45847,53252,24280,12591
802,1142.37,841.17,1080.45,4.23,42.65,2,728.98,203.19,45.66,1.01,1094.65,194.72,13.85,787.61,6.64,44.55,42,183.33,17.44,477,38,0,558,9,1,39,51,614,95,362,20,741,54,1,289,0,0,18,381,359,157,129,96,49,307,237,449,191,0
803,5812.53,5153.1,5199.09,33.97,406.72,288.18,2684.87,1747.3,467.76,43.79,5292.59,2552.75,253.56,3597.45,170.07,433.96,888.5,1799.45,122.32,4290,44,10,303,477,546,34,1582,2710,186,1228,1663,2619,388,264,480,21,18,251,2144,1531,858,817,356,231,868,1775,1935,201,406
804,4088.82,3051.48,4041.48,3.19,29.05,45.49,1528.92,821.45,78.14,9,4001.68,219.75,19.19,2389.34,18.19,61.37,63.92,153.56,9.67,363,17,6,1456,139,1448,409,131,1760,260,1686,113,2027,137,35,1292,9,2,222,838,880,651,742,725,240,1525,1692,1714,730,0
805,4396.73,3857.49,3737.78,13.51,525.12,652.86,2660.78,436.87,366.01,39.25,3978.79,2540.48,303.26,2829.86,95.81,568.26,965.23,2314.24,78.99,3726,54,2,218,100,188,7,1523,2297,59,415,143,3732,117,3,150,10,13,127,1725,1368,532,408,261,217,321,943,1749,142,464
806,6263.65,5376.19,5272.48,158.44,675.08,1464.75,2662.13,1733.02,1171.08,121.9,4958.51,2932.05,477.16,3945.81,154.77,774.82,1501.67,3053.77,227.01,4207,25,24,395,707,278,428,3940,1109,85,930,3625,1462,209,82,386,8,14,278,2573,1673,816,632,369,358,785,1442,1998,287,500
807,630.25,536,589.15,9.05,26.05,1,362.4,72.25,23.05,5,602.2,186.05,7,366.05,1,36,48.2,130.15,20,273,1,0,312,0,0,6,10,266,117,199,286,105,15,7,111,3,0,64,247,126,86,86,48,16,179,194,138,35,0
808,1475.14,1274.15,1391.12,8.15,55.63,10.09,699.58,498.16,116.65,26.28,1328.16,697.03,27.35,973.91,14.18,61.63,173.49,276.77,14.14,1143,9,1,259,26,9,1,297,513,174,463,272,702,192,35,201,3,4,38,603,421,216,148,61,35,247,356,497,61,1
809,4205.5,3364.95,3960.58,8.05,169.2,217.87,1629.23,1160.28,162.73,27.04,4012.59,503.98,49.97,2986.3,25.86,154.49,240.74,301.31,39.79,1018,14,14,99,443,1892,527,875,1733,110,1290,1577,1127,232,28,911,10,5,118,1188,925,702,684,508,199,1087,1495,1529,603,151
810,1683.25,1475.37,1555.63,8.3,92.93,74.72,1057.43,308.94,105.59,14.58,1562.07,535.65,39.69,1242.51,9.64,87.61,175.31,156.77,21.65,754,10,8,351,116,281,111,413,824,34,360,108,1119,78,54,177,9,0,86,775,468,199,140,50,51,272,291,529,59,0
811,1894.12,1730.64,1828.28,1.08,32.09,158.92,627.56,215.05,72.65,13.3,1804.16,382.29,20.56,1197.26,11.09,61.06,132.84,284.12,10.98,665,2,1,65,241,870,4,377,621,16,834,638,370,185,19,390,28,3,215,389,344,294,472,349,153,647,1015,778,181,47
812,897.32,779.65,839.47,1.03,39.56,9.85,549.66,288.7,56.98,8.32,832.02,495.34,37.33,770.85,17.52,29.45,114.82,307.57,5.39,629,2,3,192,28,27,8,616,52,18,203,364,267,109,77,56,0,0,16,466,272,94,44,14,13,73,112,287,48,0
813,2300.69,2016.4,1917.05,59.04,257.24,43.36,767.47,1173.02,152.45,28.9,2108.97,794.52,101.23,1630.85,30.22,258.07,424.02,361.74,108.95,1264,26,8,93,190,347,323,756,624,122,748,154,1328,183,81,395,20,3,86,598,380,563,464,245,100,524,1158,666,137,185
814,3125.61,2792.18,2886.55,11.23,171.58,62.9,1264.41,1019.93,131.87,24.24,2964.12,1242.07,102.59,1574.23,45.31,230.54,579.72,1450.62,83.49,2316,79,1,23,146,477,5,611,2056,66,312,882,1844,78,6,161,9,0,66,922,632,697,566,229,174,243,1401,1244,140,114
815,2324.25,1886.36,2209.5,4.45,75,106.92,747.31,785.44,76.66,12.54,2221.42,424.58,37.57,1102.13,16.45,82.86,104.79,289.96,13.1,920,4,3,652,43,407,134,560,309,101,1194,778,169,213,27,814,32,0,131,515,645,369,337,297,135,977,721,884,231,0
816,4690.35,4131.19,3878.78,101.09,592.74,532.12,1776.66,1723.93,513.4,107.89,4051.35,2292.09,254.96,3143.69,94.45,453.6,836.33,1503.96,160.95,3546,31,7,441,261,241,46,1287,1300,157,1831,1445,1071,854,355,387,14,129,320,2043,1429,564,358,181,114,883,813,1491,197,86
817,3701.36,2992.76,2709.11,159.59,654.8,103.44,2447.67,830.69,624.61,85.77,2981.2,1951.46,269.83,2479.09,81.66,526.74,993.29,1189.22,98.79,2415,65,4,314,527,136,50,1298,1315,65,835,1270,1311,226,117,447,9,2,130,1631,1069,432,261,119,99,657,573,1083,132,100
818,628.53,568.63,516.8,11.92,83.16,14.76,437.11,141.14,106.66,19.5,497.92,394.3,49.31,483.8,23.64,88.01,244.41,244.17,24.48,469,17,1,31,36,7,51,205,254,55,96,293,202,46,21,37,0,0,12,348,159,68,25,11,14,49,73,169,37,0
819,2182.7,1970.44,1942.4,15.04,175.45,759.65,904.14,314.51,231.51,24.15,1921.87,1266.54,176.04,1264.08,60.57,303.28,505.37,1044.12,29.69,1933,27,1,30,78,72,7,1763,220,38,127,153,1864,22,4,15,1,1,88,992,772,190,143,51,56,141,282,904,71,66
820,3589.03,2899.18,3109.57,69.16,250.83,933.81,1429.31,670.63,357.02,40.57,3165.38,1093.16,114.62,1597.94,63.26,229.48,437.24,770.69,49.77,2092,16,3,325,381,481,152,1060,1822,104,462,2805,175,117,7,205,9,6,125,1377,981,535,348,208,245,348,838,1274,259,184
821,443,350.16,423,1,12,6,223.3,124.7,19.6,4,417.4,165.3,12,216,6.3,9.3,27.3,74.3,3.3,285,1,1,117,20,3,0,70,112,92,153,199,61,66,15,81,0,0,5,140,124,59,72,31,1,86,142,162,54,0
822,3663.92,3170.72,2160.3,165.29,1133.39,465,2148.07,760.84,657.23,130.71,2871.29,2448.5,530.67,2759.51,127.13,866.81,1419.91,1537.78,290.81,3122,81,6,94,145,75,27,1725,1272,78,475,863,2140,179,44,144,12,82,87,1995,796,403,251,106,37,395,641,783,165,145
823,2799.09,2239.12,1226.52,233.72,1183.16,51.08,2380.87,257.87,597.87,402.1,1789.6,2042.41,811.49,2237.61,113.83,1291.11,1137.2,1634.23,488.63,2267,133,1,59,170,14,23,1528,698,94,348,866,1401,176,56,122,1,11,34,1780,533,202,92,60,41,229,253,453,177,66
824,7938.79,6690.35,6374.63,185.88,1084.84,1133.61,1839.51,4148.5,1179.26,214.59,6514.75,4636.27,464.89,5454.75,189.19,1256.4,1987.12,4641.28,410.62,6478,52,10,145,679,224,46,1994,3957,171,1513,4191,1759,485,216,457,27,147,353,2349,1437,1706,1361,782,301,1269,3523,2519,387,778
825,1748.61,1439.08,1181.8,111.65,353.88,22.16,1134.9,358.18,258.63,59.45,1426.49,951.43,150.37,1235.95,39.28,369.22,621.26,699.08,181.11,1410,9,1,73,100,51,13,553,822,18,263,964,403,59,42,99,11,1,78,953,372,184,121,28,47,189,282,362,56,0
826,4029.07,3240.07,2365.56,409.15,1064.93,350.43,3127.52,289.08,766.11,210.87,3033.02,2410.66,700.64,2928.29,104.1,945.17,1306.86,1173.07,396.99,3286,51,4,50,312,84,111,1797,1649,38,415,2204,1267,177,19,113,5,5,109,2425,932,299,175,67,73,263,385,952,151,130
827,2305.14,1724.77,1756.66,41.13,430.88,579.11,1570.96,81.48,294.93,27.17,1974.69,1305.14,167.34,1302.98,35.76,394.88,578.78,1007.24,122.83,1990,9,0,60,106,23,13,695,1386,20,100,1587,504,28,19,43,0,0,20,1133,742,198,78,49,68,84,132,761,140,275
828,1968.98,1689.76,1805.24,4.36,125.32,24.05,949.73,689,136.71,9.21,1819.41,810.94,70.54,1187.16,25.72,163.01,334.02,745.47,22.34,1434,26,1,121,106,178,13,221,1340,31,288,66,1525,98,0,99,3,0,88,584,400,371,349,174,129,195,799,641,123,240
901,9030.76,5881.05,6533.13,1639.19,20.42,118.25,577.08,4366.97,458.54,57.87,8436.47,1360.11,96.72,2523.8,176.73,419.23,318.14,1031.63,193.05,843,1480,317,708,3097,2167,123,691,141,202,7702,247,558,4276,1146,1709,295,48,457,636,1141,1516,2721,2721,1102,4748,6243,2605,3052,40
902,2305.59,1625.35,1462.27,513.78,2.16,5.75,105.36,1521.15,21.29,4.86,2272.01,392.03,27.13,848.35,21.42,102.63,77.55,305.04,26.29,48,535,212,451,914,38,72,451,521,210,1089,240,735,663,295,63,24,0,250,185,190,375,847,673,220,995,1821,905,585,8
903,1328.19,1074.11,1027.62,214.25,0,15.53,529.93,315.15,25.9,2,1295.78,188.91,9.39,564.31,4.34,77.36,3.17,176.89,37.47,7,111,276,386,344,10,166,156,534,160,451,311,488,84,165,130,27,0,95,423,265,200,248,164,130,252,527,474,213,1
904,1471.18,1050.16,1208.51,100.84,5.26,1.13,20.11,606.69,24.87,6.06,1420.81,132.45,0,340.41,7.2,44,4.28,75.59,14.54,6,72,135,212,872,98,38,14,11,2,1406,0,12,822,194,18,61,1,324,89,68,94,489,693,74,1098,1251,508,474,21
905,932.1,688.83,892.49,16.35,0,1.01,27.12,694.76,11.27,0,916.81,69.92,0,263.2,0,28.23,1.02,30.42,7.06,0,26,79,13,625,138,40,3,3,5,911,7,7,146,35,670,5,0,53,42,192,160,247,280,58,772,508,380,227,3
906,1797.24,1146.25,1655.05,95.27,0,3.29,8.29,805.82,20.09,2.08,1775.07,235.19,0,289.72,1.01,15.34,1.04,40.1,5.12,7,41,145,341,1159,8,66,32,1,7,1726,9,20,1379,86,38,45,0,190,365,239,481,464,217,99,273,1096,518,415,1
1001,2632.66,2307.37,1585.16,360.27,491.8,1442.57,645.74,314.84,561.92,79.9,1981.23,1553.93,686.74,1951.74,60.78,989.88,1168.02,1642.76,278.29,1957,6,12,19,255,174,146,1750,498,21,301,1599,593,43,78,130,0,1,126,1468,582,265,179,76,59,351,388,571,117,88
1002,1376.55,1165.99,1296.3,29.79,29.88,206.21,793.53,283.74,104.68,6.11,1265.76,482.97,54.68,614.1,11.4,85.02,139.45,203.75,11.26,887,76,1,304,64,3,11,240,982,9,116,336,831,53,74,2,0,0,52,689,411,168,57,22,45,54,137,409,229,0
1003,3452.87,2749.34,3303.84,53.33,51.31,208.45,1532.22,663.31,149.38,11.3,3286.19,1001.69,80.69,1669.34,48.38,134.84,208.37,518.65,32.19,2077,15,2,714,132,369,4,472,1704,132,1006,199,2099,158,21,584,8,3,241,944,830,575,509,456,171,836,1231,1362,645,0
1004,2147.5,1850.95,2089.03,4.04,19.02,138.18,1469.9,386.23,139.79,11.25,1993.47,801.6,53.14,980.46,44.76,76.65,206.66,474.49,17.19,1588,29,6,317,101,67,10,703,1055,20,341,215,1556,102,40,136,3,0,67,831,645,331,203,109,86,265,415,771,281,152
1005,979.05,901.33,969.6,1.02,5.33,4.14,280.21,324.21,25.76,2.02,950.19,68.29,9.2,584.48,8.36,7.14,17.64,34.98,0,286,4,1,14,140,526,3,138,239,53,545,148,276,212,10,244,5,0,79,261,198,208,203,105,87,328,432,307,91,0
1006,11026.55,9093.6,9204.84,675.98,769.21,2873.61,3590.37,2842.98,1296.98,138.95,9575.76,2941.13,630.6,8100.11,145.41,1665.25,1814.38,3358.07,486.03,4406,155,80,955,2499,2182,288,2936,5282,290,2056,3307,5106,384,110,1259,21,5,373,4521,2284,1823,1283,653,461,1767,3132,2221,1227,601
1007,6291.75,5381.55,5480.52,169.4,504.28,1451.51,2513.53,1272.04,839.2,142.23,5298.23,2215.76,504.77,4419.34,196.26,667.34,1079.51,1981.51,230.77,3067,199,29,400,1325,958,109,2219,2886,141,843,1006,4226,208,26,391,14,2,215,2920,1452,830,624,264,254,673,1474,1729,385,110
1008,963.85,617.17,904.58,29.59,12.28,75.83,615.74,52.76,74.52,2.05,885.22,565.7,54.03,643.72,31.67,71.43,145.4,349.8,20.55,802,4,0,108,12,2,2,426,329,11,163,44,720,29,5,34,1,0,97,331,282,114,131,73,39,132,252,387,153,1
1009,3399.61,2953.06,3327.65,9.21,18.13,32.27,1584.49,637.25,279.59,40.22,3070.68,630.64,49.23,2199.89,23.32,65.47,167.05,571.7,15.33,1018,126,12,188,1136,645,89,1023,1283,80,830,189,2188,295,36,319,5,2,181,907,804,620,577,308,266,507,1339,1382,240,1
1010,1119.06,842.98,1067.7,21.15,11.09,72.92,503.23,178.62,91.64,8.03,1018.39,543.81,42.33,773.75,48.39,90.16,159.79,340.07,35.33,895,32,2,124,7,2,10,332,479,7,254,140,654,98,23,80,9,2,66,320,240,177,196,139,52,157,445,440,225,0
1011,953,824,912,6,13,3,618,137,96,19,836,189,24,505,8,40,56,144,8,592,8,0,22,135,143,5,275,435,46,149,17,740,14,0,79,2,1,52,416,207,132,111,39,80,134,225,252,57,0
1012,2742.43,2518.14,2591.17,46.79,47.08,194.84,1549.71,602.31,371.93,19.43,2314.07,635,142.95,1292.87,30.59,212.54,238.26,432.34,71.76,1309,22,9,119,429,680,90,1409,929,8,313,1302,1042,229,9,53,5,0,19,1254,697,378,224,106,197,81,577,903,171,76
1013,1681.28,1218.71,1651.16,0,4,8.28,317.57,767.39,21.07,10.03,1645.18,97.2,11.34,948.61,7,13.28,23.74,52.12,2,442,8,3,11,135,1012,8,45,174,27,1374,84,150,230,36,1070,4,1,44,211,466,275,365,303,137,1119,715,349,377,0
1014,1510.41,1390.27,1474.2,6.04,16.7,14.24,569.99,424.31,141.42,20.21,1343.52,204.48,18.43,1056.16,5.09,30.96,44.22,113.43,4.28,559,24,2,11,172,666,60,419,625,40,411,227,856,195,8,171,3,1,34,414,261,386,300,135,110,210,771,510,135,0
1015,1161.62,890.11,1107.46,10.22,21.67,170.93,477.09,72.01,89.86,13.2,1047.46,528.89,52.4,690.88,11.36,85.87,86.32,207.13,24.52,901,45,0,146,5,0,0,167,553,170,208,341,525,84,32,21,11,0,83,309,299,200,174,114,81,116,418,503,173,0
1016,4266.75,3585.53,4007.34,16.29,66.68,165.2,1674.76,1698.75,146.13,27.33,4016.45,333.35,50.66,3115.17,19.18,97,149.2,297.98,20.03,653,49,16,26,1018,2124,189,338,2779,123,837,136,3090,113,21,447,25,1,244,1330,810,936,679,322,195,724,1717,1210,459,61
1017,2263.19,1756.16,2208.08,2.05,11.36,3.11,1089.2,108.64,18.33,1.04,2228.67,24.65,3.06,1621.79,5.14,4.15,6.24,7.06,1.05,75,83,1,4,217,1794,14,17,909,108,1153,43,994,175,39,670,26,1,241,528,429,414,525,292,153,938,1045,608,282,4
1101,10592.68,9315.3,854.22,8481.14,307.29,900.81,8673.98,643.18,1910.16,431.94,8158.93,7801.77,4240.87,5863.88,2486.14,3875.24,4566.71,6373.25,1578.12,7922,1660,66,200,498,9,39,5016,4167,696,514,6590,2398,220,964,87,6,33,98,6373,2793,734,274,220,145,974,694,2269,1013,269
1102,1520.41,1298.76,74.05,1220.82,8.96,591.48,744.83,91.56,40.4,7.58,1434.19,978.59,830.26,754.38,269.69,525.89,499.82,958.26,401.6,210,1154,21,34,38,2,8,1275,136,16,40,1338,84,28,2,0,0,0,13,920,419,78,39,11,21,17,100,431,63,4
1103,2805.91,2544.74,254.25,2286.77,29.05,69.18,2241.73,284.3,509.58,78.97,2191.64,2053.78,1169.15,1705.09,569.01,815.17,977.66,1756.44,446.94,250,2121,116,65,190,3,26,1370,844,164,394,545,1658,239,215,24,2,11,78,1491,809,268,143,60,49,227,340,901,100,69
1104,1141.61,986.59,19.2,974.19,12.72,20.57,1017.13,58.89,27.34,5.75,1072.07,842.13,719.37,718.59,499.52,528.23,541.1,808.55,405.28,378,675,8,3,21,1,5,757,227,48,61,804,169,46,56,0,0,2,16,658,302,91,27,14,7,131,66,229,80,46
1201,10030.42,8027.46,6743.32,547.96,2385.26,4199.46,2311.05,2465.11,2053.93,350.41,7569.94,5770.34,1284.43,7241.29,384.63,2146.49,3112.55,4578.33,858.56,7857,74,19,209,751,462,47,5179,2957,303,979,4942,3361,198,143,243,22,233,277,4013,2033,1689,1074,609,290,1092,2962,2721,634,646
1202,1050.15,931.76,944.25,4.11,95.61,2.1,458,242.64,61.06,6.24,981.79,332.55,33.4,697.81,8.39,33.76,148.07,244.73,17.86,368,17,3,278,69,208,61,156,608,17,222,166,612,19,2,170,1,1,32,322,177,215,194,96,69,204,476,289,81,0
1203,674.66,565.76,643.64,8,8,17.01,433.23,158.8,60.68,6.01,606.96,83.3,9,473.51,0,20.23,25,24.22,6,222,9,0,18,83,234,82,109,295,130,114,385,149,18,1,60,10,0,25,302,160,103,58,25,19,95,136,196,65,0
1204,887.62,746.88,567.33,18.61,259.43,213.36,430.47,195.7,121.61,26.33,729.48,666.75,110.33,657.98,33.02,219.99,464.73,518.21,40.09,813,0,0,25,11,14,0,455,375,1,32,703,129,16,0,6,0,0,10,392,228,150,62,31,23,16,204,278,41,75
1205,1613.15,1341.03,1547.96,17,12,7.09,872.36,452.26,134.07,19.14,1458.91,282.15,23.18,1034.9,13.03,72.72,106.7,280.4,21.22,605,28,2,12,582,279,59,260,1064,11,233,142,1187,28,3,104,17,0,86,483,404,352,232,96,60,207,553,606,220,1
1206,2946.13,2187.89,2892.72,2,12.12,8.41,975.35,1217.7,75.55,3,2847.48,174.57,10,2173.19,6,61.8,59.35,168.83,17.1,451,5,9,89,176,1876,77,317,1258,271,837,1503,337,250,23,451,15,0,105,815,489,633,487,259,104,571,1217,510,662,1
1207,681.44,588.85,637.17,5.13,32.95,16.38,311.36,134.59,28.66,2,650.78,152.04,15.33,394.66,1.03,29.87,32.75,79.93,17.53,318,2,2,286,7,7,17,210,281,30,118,309,211,38,0,59,0,0,22,207,149,119,118,47,31,81,261,235,64,0
1208,6197.05,5146.67,4704.69,683.34,554.85,1732.71,2668.28,1301.14,801.68,124.86,5249.2,2428.86,614.85,4628.53,87.6,1133.32,1450.85,2645.45,469.15,3760,88,6,149,1244,627,109,2370,2794,132,688,2056,3196,203,58,231,29,20,192,3065,1461,771,515,171,198,508,1121,1515,455,349
1209,231.03,188.85,222.01,3,3.02,0,87.39,38.17,27.15,1.01,201.87,71.34,6.02,157.73,1.01,12.04,19.08,20.08,0,112,4,0,48,2,52,0,100,40,7,71,10,137,9,1,59,0,0,2,61,40,30,48,38,13,61,111,73,37,0
1210,1709.22,1271.69,1662.26,1,12.07,5.04,461.93,1120.88,46.85,5.13,1652.93,209.49,21.16,1317.17,6.06,60.04,65.34,145.11,18.25,489,93,3,21,153,809,36,107,1301,8,189,22,1394,40,1,120,2,0,25,390,291,490,343,91,54,147,821,573,264,0
1211,669.52,561.84,549.54,24.73,56.46,5.05,387.21,97.4,72.48,5.06,583.74,334.76,18.49,451.98,7.18,64.36,103.05,225.63,27.66,447,5,1,146,5,10,22,105,397,3,131,86,419,40,0,85,0,0,6,246,139,109,92,50,30,91,225,220,57,0
1212,1959.11,1579.82,1879.06,5,19,26.14,581.3,1088.4,81.02,18,1858.1,428.5,50.09,1257.98,22.01,93.09,137.15,437.35,25.03,965,82,0,9,717,78,16,274,1177,85,332,87,1445,68,5,151,34,3,73,455,349,514,396,152,43,297,941,729,148,107
1213,528.41,450.83,499.11,2.69,20.62,6.29,196.99,103.62,56.25,2.4,469.76,261.88,24.45,367.61,5.98,43.01,67.88,153.25,6.38,329,3,2,107,9,39,4,83,150,32,228,263,2,42,0,176,0,0,10,154,85,60,106,87,18,186,242,154,49,0
1214,1528,1224.79,1400.64,6,93,150,493.99,615.99,149.18,32,1343.82,482.25,58,1055.44,8.18,94,180.18,545.96,26,1009,9,0,69,180,171,1,290,932,52,166,213,1061,60,6,41,9,1,49,421,291,382,250,96,75,103,634,486,165,109
1215,2351.53,1869.17,2294.71,9.67,9.44,8.04,1520.2,219.79,112.77,7.05,2229.61,226.53,19.27,1499.68,0,39.45,57.39,152.56,0,450,50,6,218,190,1077,176,78,1127,130,831,50,1284,70,4,400,70,1,289,598,681,308,291,290,160,760,600,938,367,0
1216,2318.92,2035.02,2292.35,3.21,8.46,13.91,1226.51,741.07,43.98,10.49,2262.38,70.39,5.26,1379.86,4.08,14.31,24.86,40,1,243,31,2,68,708,1067,115,198,1228,154,653,181,1388,163,11,337,31,5,117,683,590,447,338,176,117,491,673,916,385,0
1217,2414.63,1756.69,2347.67,7.2,20.48,153.04,1015.46,790.43,104.34,12.25,2296.04,407.81,30.56,1608.06,19.14,90.94,116.41,458.2,14.11,1020,76,2,28,762,362,25,233,1673,65,305,119,1848,28,4,126,4,0,147,774,477,451,376,199,89,277,907,768,301,102
1218,3540.78,2986.09,3389.02,33.02,57.42,478.24,1504.95,476.05,282.45,33.88,3216.26,696.17,99.03,2456.43,21.39,179.61,275.12,603.31,48.02,1342,220,13,259,944,462,125,587,2261,91,426,242,2688,173,4,127,5,1,125,1277,748,654,457,229,203,282,1174,1188,290,72
1219,1805.59,1619.19,1773.48,11.04,7,45.07,386.12,1128.96,55.15,6.02,1739.35,115.72,10.07,1180.47,2,20.06,26.33,72.69,5.03,508,59,3,195,348,633,19,259,895,100,509,90,1160,107,43,233,18,1,113,427,396,498,323,120,94,365,730,720,222,2
1301,10038.04,8618.79,7842.41,739.09,1008.18,2250.99,2620.51,2574.44,1007.04,98.97,8896.39,3863.53,703.54,6287.05,249.12,933.12,1582.02,2017.92,375.31,6644,61,16,423,671,1862,211,5212,3123,597,955,4204,4697,283,38,372,6,7,280,3783,2077,1855,1533,639,677,698,3687,3390,834,130
1302,1403.65,1333.24,1375.26,4.41,10.41,16.46,635.14,395.88,77.42,8.68,1314.52,175.85,29.39,1083.73,11.3,30.41,37.72,59.34,6.63,307,22,0,97,152,617,191,588,543,6,248,267,864,70,8,110,32,0,34,395,403,258,211,119,94,176,500,634,155,0
1303,1395.51,1124.98,1285.81,45.8,35.41,193.61,297.82,556.24,50.13,5.07,1337.26,457.11,37.54,685.37,21.12,76.35,108.77,237.47,24.48,1220,8,1,97,21,3,0,498,245,51,556,96,696,119,15,311,6,0,107,305,220,294,315,217,62,423,754,512,171,0
1304,1754.11,1649.79,1671.93,26.04,21.04,27.11,842.06,503.19,47.21,1,1699.86,656.72,105.25,761.62,10.01,89.25,156.32,399.09,6,1062,93,1,29,71,367,110,960,580,19,175,175,1381,96,4,44,0,3,31,740,433,267,220,74,134,78,508,660,46,0
1305,3198.87,2681.55,3087.66,16.22,32.76,84.89,535.12,1260.42,103.9,19.23,3063.42,385.03,52.2,2202.81,20.52,119.23,179.84,356.98,24.44,658,44,1,262,567,1399,108,776,1124,231,908,736,1364,281,25,289,10,3,331,699,549,721,670,402,154,666,1606,1153,400,117
1306,2187.31,1576.86,2165.06,2.01,7.14,23.22,429.94,1100.72,50.31,3,2132.99,287.83,18.28,1315.9,9.07,50.12,53.79,135.1,2.04,714,32,1,298,156,812,121,984,555,94,500,258,1364,147,13,236,19,0,96,264,197,652,628,392,160,351,1605,971,381,0
1307,1936.17,1725.95,1777.81,104.21,20.05,31.45,642.78,661.94,69.26,3.03,1861.88,732.79,85.25,1249.78,23.07,128.48,209.63,338.6,57.15,1216,18,8,299,28,213,119,1254,435,27,185,91,1609,38,15,102,15,3,27,452,258,592,444,155,132,147,1161,684,134,2
1308,1247.07,1171.64,1218.45,11.47,5.1,74.8,188.02,708.21,18.35,3.02,1224.67,165,17.2,849.17,4.02,49.64,38.66,152.9,9.17,447,9,1,55,51,574,96,272,830,47,83,172,969,21,1,18,16,0,36,282,104,494,261,91,87,69,829,332,102,0
1309,5110.33,4682.46,5030.52,1,14.43,40.89,506.36,1898.04,103.27,22.58,4978.45,687.42,68.1,3102.52,23.64,81,107.69,320.36,9.15,2718,53,10,277,402,1484,63,1160,2655,301,893,233,3873,131,5,285,12,1,468,478,287,1928,1587,728,492,766,4167,1784,633,0
1310,2134.16,1867.73,1955.3,63.83,55.46,249.66,498.87,880.61,121.98,11.04,1998.13,796.13,117.89,1098.05,35.36,147.3,264.79,657.11,27.22,1538,31,4,116,114,245,11,882,713,61,403,164,1491,149,4,121,2,0,129,574,239,594,508,145,89,253,1218,678,98,0
1311,2819.54,2338.68,2732.81,14.22,38.61,98.17,368.44,947.1,285.1,34.82,2490.31,660.15,85.71,1262.78,28.54,107.54,123.13,742.16,9.27,2287,20,2,187,106,77,3,865,1425,125,267,1448,948,117,31,53,16,4,66,395,239,963,786,300,178,174,1982,1017,204,251
1312,1492.56,1056.93,1357.15,70.81,15.37,218.56,699.54,209.28,182.83,24.18,1283.25,923,122.9,822.31,61.76,89.38,194.44,505.75,19.49,1300,82,0,53,6,2,0,409,851,49,134,214,1091,15,4,62,7,9,40,532,455,180,190,86,65,118,403,643,124,0
1313,7602.48,6747.74,6972.05,245.17,279.12,1024.32,2609.37,1500.45,443.19,59.14,7091.23,1910.47,339.07,4305.9,113.73,422.38,742.98,1634.37,132.95,4150,58,16,783,629,1457,243,3013,2905,120,1298,2105,3890,407,43,348,21,3,520,2282,1575,1323,1326,832,516,930,3128,2874,678,494
1314,912.1,541.87,808.29,61.36,9.04,192.9,527.26,14.65,71.03,13.1,826.95,527.9,62.47,455.63,25.13,62.69,99.03,240.6,10.03,853,14,0,22,4,1,0,627,128,3,136,83,675,37,3,16,7,0,73,341,302,102,85,64,48,97,176,391,156,0
1315,2439.54,1994.13,2399.42,2,13.02,5.01,643.02,487.42,49.45,5.02,2380.02,246.92,23.11,1272.74,11.14,50.2,54.25,104.46,8,666,10,2,844,277,432,103,663,457,46,1169,280,878,147,18,432,55,1,524,396,350,341,562,687,269,1012,1465,1069,480,1
1316,2528.17,2289.67,2512.85,2,2.26,20.11,664.98,974.7,42.54,7.07,2478.56,151.69,10.85,1778.91,4.01,38.94,42.5,73.38,6.07,459,16,5,39,270,1536,156,887,982,28,584,464,1425,310,19,122,11,1,130,498,342,681,626,335,319,264,1551,1056,279,0
1317,1847.66,1439.25,1811.78,0,12.3,14.62,178.97,800.69,42,5.2,1798.41,255.85,10.17,1093.76,11.43,56.48,47.83,93.52,15.32,502,55,6,428,86,621,42,644,238,106,753,104,880,411,15,167,6,3,155,163,110,540,609,320,117,332,1438,745,297,0
1318,620,476.44,566.8,35.67,3,1,426.35,84.04,19.74,6.53,591.73,286.2,24.95,372.07,2.11,40.2,46.48,81.24,9.14,474,4,0,67,14,39,3,457,75,2,68,96,438,46,1,7,0,0,13,282,179,86,45,10,17,20,113,205,59,0
1319,2376.22,2155.6,2350.37,3.05,5.03,95.72,754.65,820.44,35,6.54,2324.29,100,20.09,1843.55,7,29.33,45.35,135.22,9.11,288,85,2,167,118,1512,127,289,1589,166,255,53,1989,76,7,110,7,0,58,596,359,607,480,257,283,174,1179,873,413,0
1320,2984.79,2408.45,2804.07,35.32,53.58,163.83,765.19,820.06,263.59,31.47,2685.68,691.69,91.28,1007.37,48.5,99.11,154.77,420.66,14.22,1959,4,4,558,132,140,31,727,1527,148,427,2316,77,69,8,144,9,1,206,723,420,769,605,312,224,372,1565,884,366,117
1321,1918.14,1723.96,1897.97,2.17,6.36,143.95,279.5,958.26,66.38,7.2,1837.2,130.08,7.19,1366.49,13.9,38.69,41.81,176.91,6.29,403,1,0,17,100,1061,301,729,983,38,135,1313,423,57,2,23,1,1,63,417,328,559,427,154,297,89,1039,693,210,0
1322,1405.55,1214.04,1387.89,0,5.11,50.15,374.6,123.33,40.22,3,1360.06,54.54,6.28,1061.11,1,11.66,13.66,4.83,2.55,156,10,5,31,127,993,38,249,528,151,432,494,430,197,12,182,11,1,32,288,167,390,324,191,98,227,862,491,205,0
1323,2353.24,2134.46,2265.66,24.06,25.19,21.09,1080.29,687.85,81.49,6.04,2264.72,834.24,88.49,1272.06,44.08,101.57,213.99,449.65,14.1,1557,46,1,188,125,373,16,868,986,30,423,354,1523,100,3,206,2,0,117,721,439,518,479,149,142,326,1064,807,124,0
1324,702.19,665.71,639.49,39.41,6.07,82.2,444.96,101.63,28.27,1,670.88,255.53,40.48,518.22,8.08,50.56,69.83,77.93,20.23,483,2,0,47,15,121,20,469,178,2,39,285,364,4,0,9,0,0,26,368,167,89,48,17,23,35,136,197,33,0
1325,1294.46,1027.58,1226.45,27,19,166,765.76,180.08,32,4,1255.46,310.43,49,808.81,7,71.04,96.01,157.03,7,1016,5,0,16,22,124,2,460,633,4,88,110,981,19,11,13,3,0,48,493,316,205,128,42,65,64,300,423,132,0
1326,833.62,476.4,778.99,16.14,16.18,0,127.09,612.4,51.65,0,780.97,356.37,16.22,594.48,19.29,65.82,86.96,84.12,8.1,719,0,0,18,19,43,6,609,55,19,122,632,51,6,40,36,18,0,22,103,67,365,229,42,43,77,623,242,50,0
1327,520.09,379.76,494.35,11.6,2.03,0,114.81,329.2,27.44,0,492.65,248.62,22.82,295.15,4.21,31.73,30.83,95.73,14.64,463,4,1,35,2,0,7,263,27,2,220,30,254,34,18,118,5,0,51,81,65,112,154,100,35,175,348,214,65,0
1328,1095.43,971.73,1086.33,0,3.02,58.02,440.64,350.37,66.86,3.03,1022.47,121.85,34.57,733.2,6.05,19.3,32.51,62.09,1.02,281,40,1,14,40,570,76,283,602,7,130,121,761,19,22,87,3,0,8,306,184,279,187,65,90,98,481,327,95,0
1401,5430.59,4541.98,2581.96,2275.04,308.45,3236.35,1199.4,471.1,969.16,122.7,4317.21,3628.64,789.81,3708.83,317.67,1515.36,1662.52,3653.87,825.39,4627,9,1,309,119,137,76,4256,454,25,543,4051,649,114,58,330,2,2,73,3027,1283,421,345,203,109,450,771,1366,299,249
1402,3112.85,2763.79,3049.51,6,13.22,493.66,945.21,1047.6,68.92,6.03,3033.86,433.78,33.74,1527.7,9.15,92.43,94.92,620.89,16.07,1881,97,3,170,129,493,267,893,1863,33,250,781,1996,83,12,72,12,0,83,864,771,685,470,249,244,170,1125,1198,404,331
1403,1124,1006.1,926.45,145.98,18.12,376.76,383.66,140.18,169.16,18.14,935.7,563.83,94.32,669.68,24.12,98.11,245.76,478.47,23.17,750,10,8,92,39,121,92,709,61,16,326,405,372,38,11,251,11,1,23,463,269,155,137,87,54,286,300,355,66,0
1404,767.14,664.5,761.14,1,0,46.05,443.21,101.66,117.68,5.04,640.42,187.18,13.06,346.45,0,8.17,24.11,146.89,0,479,1,0,99,41,95,32,421,173,2,151,490,107,77,0,53,8,0,13,271,173,102,104,99,68,75,258,319,127,9
1405,1078.08,1001.32,1047.67,16.25,2.06,113.11,196.11,439.24,133.69,19.32,925.07,271.19,14.16,458.72,8.01,22.35,35.47,178.18,2.06,658,1,1,115,59,210,25,322,565,30,152,679,231,94,7,29,7,1,21,326,172,286,196,89,130,58,525,355,112,0
1406,1199.8,1065.53,1037.22,88.11,41.32,472.39,234.85,334.24,181.69,38.9,974.12,584.12,88.04,497.33,41.56,106.36,217.5,563.32,14.06,1063,0,0,53,22,14,3,905,138,17,96,1020,37,13,3,45,0,0,37,570,295,145,90,55,65,87,241,306,39,114
1407,2194.53,1973.84,1914.66,112.94,115.72,902.65,637.33,467.27,406.72,92.92,1691.61,1259.18,237.79,1503.19,57.2,267.91,607.75,969.37,57.98,1846,4,0,134,68,83,12,1530,472,17,129,1778,239,54,1,39,1,0,36,1138,476,280,168,85,129,79,470,573,86,95
1408,1310.03,1161.83,1206.56,42.86,38.29,103.42,517.16,471.12,208.27,23.17,1077.56,497.74,45.54,684.31,2,57.77,101.36,359.64,21.25,845,0,4,74,99,263,14,756,295,15,234,799,258,188,1,17,0,1,37,460,223,326,193,98,106,90,562,365,95,89
1409,1547.64,1408.33,1432.28,53.71,26.35,313.91,394.05,657.68,264.86,44.29,1237.49,775.97,111.31,727.05,10.12,71.97,224.15,617.54,10.16,1292,2,0,27,65,65,39,1120,240,20,110,1293,76,35,6,22,0,2,55,697,403,195,134,60,116,80,329,520,69,0
1410,1603,1517.86,1514.61,21.07,32.11,285.9,483.38,475.42,253.13,31.21,1316.65,609.93,104.6,730.56,3.01,62.18,120.74,551.51,5.04,1283,4,4,119,63,84,11,1008,297,63,201,1231,131,84,5,47,1,0,70,654,299,310,195,110,179,119,513,465,69,118
1411,2207.68,1971.27,1957.66,113.67,80.16,705.71,508.91,746.92,353.01,50.22,1802.42,1088.63,107.31,1414.84,21.8,162.18,250.43,874.56,50.97,1672,2,3,215,88,144,23,1369,582,23,174,1765,208,90,4,37,4,1,39,972,539,327,218,92,140,106,541,693,107,116
1412,1125.11,989.75,1105.06,6.02,2.02,26,415.4,406.35,208.47,29.02,887.61,425.71,65.1,523.88,19.03,43.04,96.09,347.61,9.01,758,44,1,122,88,50,30,660,311,7,115,412,566,35,1,54,0,1,25,345,174,344,174,56,71,80,542,315,70,1
1413,4670.73,4124.32,3418.16,720.85,387.38,1967.77,1410.05,855.73,1036.29,147.45,3465.97,2789.92,659.4,2849.37,196.59,775.66,1179.18,2448.1,254.18,3915,26,10,199,184,176,22,3871,488,18,155,3028,1330,41,6,26,2,18,82,2465,1106,517,325,118,279,132,789,1306,176,151
1414,1086.51,955,811.71,222.62,29.53,426.54,314.61,171.58,193.83,5.04,881.52,598.34,140.82,660.73,28.57,135,250.43,541.1,27.66,835,0,6,143,23,37,13,679,249,3,127,691,235,37,1,57,0,0,36,543,209,143,103,61,46,93,272,287,91,0
1415,2820.59,2641.18,2578.34,98.82,89.63,458.34,1390.61,382.21,521.89,101.83,2194.71,1415.46,249.25,1490.59,71.09,254.67,495.51,1145.17,33.65,2411,40,6,95,81,139,14,1895,571,82,238,678,1819,108,9,49,0,1,123,1229,639,447,363,108,142,230,837,883,80,67
1416,2077.9,1569.77,1403.74,505.02,80.89,808.94,609.25,334.11,367.83,49.21,1656.5,1076.19,210.61,1233.58,98.15,260.3,477.9,968.57,110.76,1638,7,2,131,90,65,60,1345,468,16,165,1586,223,47,24,78,1,0,36,994,496,273,157,75,87,121,404,560,152,99
1501,28193.86,22854.96,14948.59,7041.14,4465.96,10494.64,7808.28,7438.03,5612.15,1135.16,21375.93,17250.92,5893.01,20279.46,5294.34,6569.63,11007.22,14031.7,1542.01,19681,459,126,3684,1761,1307,675,16021,5325,846,5503,14576,6991,1503,997,2568,114,206,739,12204,7971,3242,2638,1639,1304,4543,5938,8675,2015,997
1502,4151.4,3807.04,3616.89,107.24,346.05,487.37,1619.25,1689.01,717.32,118.81,3307.86,1498.67,233.71,3173.5,60.91,403.54,654.13,1527.33,169.06,2106,57,7,813,443,239,428,1061,1533,175,1325,2343,417,346,13,742,8,10,215,1377,1229,769,501,218,230,1001,1179,1310,184,115
1503,25075.46,20500.8,16798.6,3908.69,3338.39,5511.81,7138.11,9818.64,4128,707.63,20183.88,12260.93,2196.85,17687.75,1087.86,2978.75,4899.25,10675.38,1152.54,14795,215,155,5148,2581,495,1337,11026,7056,665,5979,10775,7534,2046,539,2937,145,91,659,8888,6313,3940,3305,2279,1842,4354,7961,8809,1876,1151
1504,1894.45,1796.35,1765.19,11.12,91.66,22.17,753.6,930.02,227.16,34.68,1628.59,760.22,63.2,1063.35,34.59,92.73,235.45,606.69,26.63,1361,2,5,158,109,238,12,769,903,22,192,1341,351,103,2,33,3,1,52,691,505,324,270,96,102,96,623,756,48,118
1505,6026.09,5482.16,5658.49,122.65,144.56,116.85,2303.61,1587.87,469,51.6,5487.48,983.2,107.27,4041.15,50.8,248.93,373.34,790.7,72.51,1178,76,45,829,1066,1486,1277,1600,1700,241,2415,2687,801,651,21,1485,16,7,288,1526,1220,1003,1252,956,761,1838,2825,2205,468,167
1506,894.08,858.34,824.65,2.07,51.09,135.65,257.92,283.24,52.94,9.45,829.69,295.31,26.12,417.53,16.51,73.28,125.86,251.46,23.98,120,462,0,58,44,201,4,197,561,4,127,201,559,81,0,11,3,1,33,271,288,144,146,42,46,49,306,435,45,0
1507,2038.78,1783.74,1963.69,20.29,12.78,15.39,741.76,699.16,105.25,14.67,1916.85,378.43,28.12,1112.55,18.38,100.01,129.23,271.77,41.77,922,4,11,389,164,517,13,1162,311,16,530,1115,363,236,14,226,3,0,63,570,447,404,329,271,381,292,819,797,320,0
1508,4545.63,4008.16,3837.09,102.09,517.09,37.76,1539.94,1796.08,459.3,59.33,4018.91,1565.93,209.45,2849.45,85.38,300.22,562.34,1550.81,100.38,2570,17,10,153,730,794,209,1043,1858,219,1365,2242,875,228,35,838,40,42,184,1152,853,871,887,721,442,1221,2262,1757,416,81
1509,1711,1624.47,1474.54,24.66,182.71,19.13,1119.88,296.68,205.53,14.39,1490.08,875.19,53.6,832.72,45.8,111.17,293.82,717.48,19.97,1287,11,5,172,124,103,6,483,1075,28,122,1261,325,49,0,15,1,1,56,745,487,251,157,68,80,80,419,590,66,94
1510,2264.46,2057.27,2207.3,3.03,30.92,17.07,445.66,505.82,85.36,11.76,2163.2,225.6,3.07,558.33,9.21,59.16,70.54,236.7,8.38,658,37,5,15,185,1239,102,459,729,320,733,1437,69,183,7,223,12,2,308,381,311,483,566,500,387,544,1472,985,325,0
1511,2775.24,2638.2,2611.24,8.96,125.65,27.59,1291.83,915.75,129.19,12.98,2628.74,713.75,58.03,1320.94,30.44,111.04,307.57,677.9,31.2,1469,1,2,50,181,983,61,1162,1223,32,330,2236,179,96,2,152,5,0,77,918,581,538,464,246,156,244,1118,979,135,321
1512,892.53,821.89,859.01,2.01,7.05,5,382.51,276.76,43.91,2.01,838.42,166.16,11.04,428.41,2.01,23.14,46.26,85.08,8.05,444,3,0,14,113,293,1,168,441,74,185,624,59,121,0,27,4,0,32,271,218,166,135,77,100,63,327,381,92,0
1513,1581.05,1417.92,1344.42,51.43,168.99,11.31,1020.16,367.12,176.11,18.54,1383.32,651.02,74.48,841.38,53.6,167.79,265.74,502.41,67.13,1009,1,4,62,139,310,37,927,405,63,167,1234,161,86,0,55,3,0,24,622,412,233,166,129,102,88,418,570,119,218
1514,1821.62,1639.06,1718.51,9.11,75.74,3.04,490.93,684.68,36.39,10.01,1775.22,317.14,23.53,1146.03,15.15,76.95,118.62,211.69,6,495,1,0,157,206,905,31,573,570,51,603,1093,97,236,6,281,12,0,72,473,355,378,332,258,237,366,813,697,235,63
1515,2539.98,2399.76,2369.42,20.94,111.24,37.96,1606.32,641.88,407.03,44.42,2082.75,1320.86,212.23,1147.55,98.09,159.63,605.31,1158.03,38.81,1660,224,1,99,167,234,134,577,1689,150,102,988,1426,45,1,9,0,0,48,1247,787,279,164,41,142,58,399,933,71,1
1516,1752.12,1643.08,1569.8,18.27,131.46,352.47,876.69,452.42,230.68,35.07,1486.38,896.56,237.93,1152.83,37.81,169.02,448.74,743.61,49.48,1311,33,1,102,114,177,8,1338,321,37,50,752,943,35,1,5,0,0,10,827,502,199,157,61,58,37,358,650,63,100
1517,5317.1,4638.8,3991.24,225.03,933.95,642.73,2799.66,1162.72,717.03,122.75,4419.2,1714.3,277.29,2843.72,225.49,437.77,699.24,1497.71,253.04,2397,75,34,326,1557,430,390,1595,2532,220,863,3095,1136,231,118,345,19,17,249,2309,1472,688,450,290,361,653,1083,1714,486,67
1518,2020.52,1797.56,1664.67,126.15,168.45,138.49,756.01,993.73,303.82,46.57,1667.14,1195.93,298.68,1299.08,100.08,235.99,481.96,767.79,62.25,1469,10,4,107,99,100,196,1121,584,6,275,1370,327,117,14,119,8,6,24,706,511,298,313,157,94,187,666,744,121,238
1519,3996.52,3624.29,3090.85,79.44,751.5,297.12,1740.32,1631.94,770.96,143.63,3076.63,1815.94,260.8,2641.99,126.78,372.11,861.61,1591.82,60.83,2604,22,7,628,449,167,86,1747,1763,28,426,2725,783,255,39,100,5,5,51,1440,963,806,569,186,260,174,1397,1489,207,148
1520,2503.82,1881.01,1761.95,140.94,517.07,30.48,1328.26,1000.39,500.35,66.82,1924.01,1638.87,310.72,1555.83,102.4,320.81,693.75,1483.73,93.94,2154,22,5,99,141,6,10,1160,1086,45,145,1304,975,45,13,47,1,3,47,959,603,371,352,150,112,155,775,916,112,214
1521,1645.25,1518.26,1478.23,16.12,106.07,72.48,1050.26,369.25,285.56,85,1271.67,879.21,170.81,845.23,66.84,205.04,424.04,835.81,94.93,1227,2,7,90,172,107,22,892,683,21,31,1374,221,7,2,3,0,2,18,768,512,162,153,33,56,23,310,662,65,0
1522,2192.53,2085.88,2116.16,2.03,65.03,20.69,698.79,440.75,70.28,5.04,2114.19,284.96,22.97,1217.58,14.44,57.19,99.09,148.28,15.21,469,7,5,90,211,1360,39,306,1321,165,391,1677,109,64,2,134,2,3,191,471,385,490,551,285,224,330,1248,1011,155,0
1523,4946.3,4387.56,4347.65,171.59,334.9,31.48,2453.93,1486.56,523.93,84.41,4323.14,1146.95,150.01,3390.03,93.79,283.07,456.72,1039.98,67.76,1638,141,185,1671,729,216,297,1235,1761,169,1712,156,2967,149,46,1436,29,15,79,1380,1344,903,751,498,372,1648,1618,1807,331,157
1601,10287.75,8535.33,6242.84,1960.45,1571.91,4045.63,4175.12,1169.68,1817.54,274.6,8149.98,6088.9,2058.65,6286.39,1105.7,2051.65,2572.4,5546.96,947.7,8822,113,11,359,574,142,23,7267,2211,99,466,5506,4040,184,25,94,16,7,171,5541,2592,1043,568,300,297,367,1545,2996,565,353
1602,2342.15,2003.91,2193.61,58.24,44.74,633.46,967.62,277.93,267.79,24.49,2046.77,834.31,174.17,1420.39,60.51,139.1,194.06,587.34,47.59,2124,37,0,77,34,38,3,1649,470,36,157,1656,455,87,19,42,3,0,50,1002,650,373,209,78,110,104,556,796,143,92
1603,3859.64,3240.09,3728.97,26.03,47.82,190.98,1443.98,1034.84,624.03,80.49,3152.12,1203.28,213.01,1952.65,51.22,215.85,262.97,1010.84,33.37,2729,22,5,274,348,318,64,1069,1876,128,688,1692,1364,132,24,381,1,0,166,1224,638,891,698,309,207,565,1748,1204,272,79
1604,4839.38,4231.2,3711.25,562.57,312.5,1125.35,2044.84,1101.07,557.9,66.03,4201.5,2566.76,437.11,2839.66,364.84,504.42,1065.09,2276.54,162.54,3640,60,19,307,511,163,60,2097,2254,79,329,2257,2155,85,87,89,17,0,70,1948,1302,752,490,269,247,257,1239,1737,321,400
1605,1180.22,979.96,1083.05,39.81,35.47,205.11,567.38,235.46,77.8,5.2,1093.82,561.52,56.98,586.98,48.83,74.79,155.08,470.78,17.61,1066,8,0,34,27,21,1,625,424,15,92,450,609,35,4,7,0,2,50,612,237,192,89,25,49,59,279,261,68,0
1606,4954.35,4312.75,4218.94,240.84,332.33,966.28,2380.37,909.64,308.7,19.4,4616.08,1997.62,378.8,3058.48,204.36,287.61,614.91,1188.97,96.87,3934,107,4,183,387,231,9,3748,650,20,437,3493,868,203,71,65,21,0,135,2546,1233,578,365,133,193,237,927,1487,211,77
1607,1984.76,1557.27,1783.69,44.32,68.94,199.58,685.05,727.98,170.37,13.15,1797.25,706.4,78.64,1164.2,61.45,90.33,155.02,422.8,35.83,1362,152,3,151,180,41,58,639,922,80,305,774,863,132,2,93,5,0,77,617,332,513,339,145,83,175,937,605,251,1
1608,1362.52,1028.94,1271.51,27.95,27.28,74.98,788.73,270.83,120.42,18.44,1221.47,486.16,34.26,768.55,21.11,66.61,92.83,424.29,15.68,1085,6,1,111,45,44,1,591,550,13,138,599,550,57,1,10,0,0,76,569,324,219,137,44,55,86,356,406,105,0
1609,1082.12,812.93,1001.94,23.28,4.08,37.58,640.66,291.58,32.47,8.4,1039.19,315.07,22.97,582.17,15.94,21.18,50.86,169.95,4.3,788,35,0,100,40,62,3,240,629,56,101,35,884,34,6,19,1,0,48,387,370,134,85,50,66,68,154,422,243,0
1610,1997.22,1659.25,1839.15,37.14,71.41,577.95,701.48,292.59,127.73,22.19,1844.29,874,104.53,1010.87,38.26,151.3,225.43,807.28,52.45,1661,159,2,57,26,58,0,833,895,64,173,199,1588,9,1,68,4,2,93,1012,427,264,186,74,46,172,465,466,95,116
1611,1275.11,1102.03,1124.51,54.88,50.38,160.52,834.28,117.26,157.55,10,1107.57,586.13,98.64,799.08,44.82,85.82,162.14,400.32,25.25,861,134,6,89,115,29,31,823,309,8,126,293,838,37,12,48,2,1,35,633,389,123,90,31,52,86,196,417,85,1
1612,2186.65,1517.02,1950.02,102.82,69.69,327.33,1199.68,309.72,59.88,5.31,2118.37,670.96,132.97,1177.03,70.82,138,212.57,506.39,25.67,1375,2,4,248,338,157,32,1455,427,16,258,1854,36,92,8,73,1,1,90,1035,572,290,156,103,97,173,415,618,299,47
1613,7838.76,6472.73,5965.82,1135.78,420.76,833.6,4553.52,1637.2,965.37,116.45,6707.56,4703.56,961.29,4459.04,629.03,826.62,1928.98,3453.09,274.04,6479,358,15,301,348,124,12,4124,2719,148,646,4150,2749,213,128,155,6,4,232,3260,2295,973,710,398,428,475,1652,2987,656,257
1614,2904.09,2239.18,2707.68,43.06,108.08,970.23,768.3,378.8,178.61,22.18,2700.29,715.35,85.3,1494.14,42.16,163.27,282.4,606.83,32.05,1603,62,12,784,189,154,65,1092,1358,22,396,431,1985,130,73,141,6,3,100,1116,706,459,375,214,222,273,869,939,274,233
1615,1843.09,1307.08,1714.49,28.54,31.7,95.96,1131.34,256.35,147.54,10.38,1685.16,676.83,53.52,1149.82,44.89,91.73,136.35,413.02,7.02,1408,19,1,56,155,176,8,478,1041,9,294,70,1457,66,14,30,3,1,183,789,476,248,204,107,67,233,449,582,184,81
1616,2866.09,1801.57,2297.01,318.08,122.14,583.72,1555.13,351.42,237.88,32.57,2583.76,1548.46,195.49,1751.09,177.87,154.29,520.87,722.82,31.71,2423,59,7,109,142,54,6,1422,1092,96,189,1132,1390,31,84,72,13,18,60,1260,870,348,210,111,150,230,424,1014,380,48
1617,3477.75,2978.91,3321.12,67.76,30.21,530.58,1256.76,593.52,261.62,28.18,3186.95,903.4,136.85,1761.35,27.23,105.35,204.62,905.1,21.29,1978,36,34,692,456,49,110,622,1889,78,766,173,2404,131,31,436,5,1,174,892,821,617,625,400,309,658,1432,1364,316,163
1618,11111.55,8878.45,7742.88,2341.88,516.72,2850.73,5075.62,1759.06,1480.9,199.92,9393.16,5574.16,1202.43,6300.5,952.81,1119.12,2342.49,4097.66,442.33,7133,501,69,857,1641,317,259,5786,3319,320,1352,2444,6616,307,512,678,31,11,178,5318,2844,1287,846,481,664,973,1837,3298,1149,268
1619,1631.35,1368.39,1558.7,5.06,28.67,108.11,531.06,514.59,145.96,11.53,1464.69,508.72,53.2,934.66,14.14,59.11,103.48,403.2,13.29,1111,23,2,117,106,228,14,421,935,10,235,385,982,46,1,111,5,0,72,610,255,396,241,100,82,188,677,437,135,0
1620,5820.54,5118.69,5196.17,188.94,238.15,1296.2,1525.7,1466.31,516.95,52.92,5234.17,1504.01,339.02,3561.47,124.4,291.31,562.06,1121.21,93.25,3175,48,30,409,1535,361,174,3575,890,101,1166,3453,976,469,152,308,53,10,311,2147,1239,1090,809,447,459,698,2073,1908,379,158
1621,3642.83,3153.87,2699.92,534.83,196.96,838.86,1342.49,838.09,329.98,19.96,3260.49,1760.09,379.14,1799.62,268.17,273.24,722.45,1200.6,92.33,2913,46,8,149,314,115,13,1992,1206,91,269,3011,251,31,47,125,3,2,88,1590,989,481,313,184,117,229,742,1237,451,179
1622,3555.44,2621.53,3065.78,94.95,232.12,816.11,1586.67,418.83,396.96,39.25,3108.17,1236.8,258.81,1895.02,137.61,323.65,374.6,1090.28,89.68,2592,44,9,237,396,116,18,1261,1152,140,860,1776,719,555,101,81,2,3,177,1444,843,568,342,215,176,287,859,1083,333,328
1623,2318.47,1904.08,2155.51,37.92,73.71,473.7,1202,238.07,218.38,37.94,2059.04,1163.48,163.62,1366.96,70.92,205.09,337.98,887.63,46.6,1978,22,2,71,71,120,1,1113,980,43,131,961,1169,38,5,37,0,1,54,1149,609,268,161,79,71,96,407,725,202,53
1624,883,630.86,866.97,4,5.03,38.04,440.76,100,84.19,12.03,785.78,289.51,28.06,541.45,6.03,25.05,48.08,131.36,4.01,605,1,0,91,74,91,13,92,677,18,88,520,267,46,2,20,3,0,17,285,194,178,151,66,52,44,360,259,93,123
1625,927.1,674.96,789.18,35,77.6,693.48,56.1,30.42,127.63,7.03,791.43,516.3,82.28,624.86,85.17,127.2,193.17,471.2,45,868,1,0,12,13,19,1,789,77,9,39,846,29,13,0,22,1,0,3,436,275,79,70,54,30,47,177,301,56,91
1626,4670.1,3763.05,3112.15,914.59,405.79,1779.89,1805.38,492.51,594.02,67.41,3987.4,2422.71,408.09,2665.74,354.87,455.31,880.18,1917.7,147.67,3957,47,11,276,193,84,21,2469,1810,47,263,1740,2533,92,55,63,2,3,102,2400,1152,543,321,173,207,187,820,1373,401,140
1627,5435.19,4639.78,3537.54,616.42,1054.99,2508.67,1824.41,748.79,970.01,119.27,4331.86,3015.66,811.18,3330.98,180.84,952.91,1381.84,3009.11,488.88,4373,19,6,281,637,28,4,3957,1023,39,329,4368,631,131,22,50,14,4,128,2969,1442,506,293,139,267,232,595,1639,380,233
1628,2842.6,2423.66,2609.68,69.05,90.2,300.09,1150.6,820.74,223.75,53.7,2560.76,1038.27,194.37,1419.68,97.12,196,353.63,817.4,40.81,1848,49,1,551,221,104,25,1675,816,11,298,352,2145,192,10,66,1,0,33,864,673,609,425,228,275,121,1065,1170,272,199
1701,12819.05,8198.91,10053.89,1003.66,1301.47,1845.08,3639.94,5075.75,1636.78,265.18,10909.78,6601.76,479.25,8131.21,562.66,1203.02,2231.7,3978.64,511.6,8579,403,24,2898,168,6,273,2684,5892,486,3290,3753,5058,1404,1159,669,31,53,224,3879,2841,2331,1952,1349,514,1337,4827,4373,2500,804
1702,1939.09,1554.53,1573.35,128.46,204.8,55.63,1098.71,493.57,378.25,36.66,1524.19,1535.07,127.16,1310.41,160.24,236.59,578.68,646.35,119.3,1683,21,7,179,6,0,1,504,1073,35,286,767,743,118,158,20,1,20,69,677,698,235,199,88,57,111,444,864,214,1
1703,2761.59,2259.46,2170.76,191.4,279.66,160.89,901.22,1135.86,157.73,16.36,2563.58,1419.18,102.69,1441.41,86.81,206.6,470.71,951.99,79.24,2479,16,4,110,73,3,2,889,1138,102,556,973,824,377,380,0,0,39,92,905,719,506,343,212,139,261,884,932,498,64
1704,1571.16,1294.17,1356.99,124.38,57.5,16.1,757.62,365.14,280.19,47.23,1238.66,935.74,103.76,967.69,36.22,97.86,326.79,578.89,20.19,1108,19,0,382,3,1,3,523,425,82,485,344,608,124,95,201,9,0,134,420,435,259,230,171,69,344,582,650,130,0
1705,899.22,784.06,817.05,13.03,54.08,5.05,246.42,411.63,97.89,2.05,796.24,428.98,78.31,493.1,79.04,104.35,183.25,210.84,8,556,20,0,262,2,2,32,90,362,65,357,414,61,59,45,275,1,0,18,294,217,137,151,75,31,294,300,269,66,0
1706,3470.19,2393.02,2604.85,496.83,262.95,313.21,1268.48,804.27,581.98,92.39,2792.36,2254.93,149.41,1916.47,147.65,371.98,794.56,1451.21,147.38,2714,148,9,470,29,1,39,601,968,279,1562,772,928,630,529,200,14,85,252,1179,864,625,502,241,76,557,1169,1175,440,40
1707,4480.02,3719.26,4047.5,167.83,164.66,62.93,1248,1637.66,312.15,29.01,4093.74,1179.22,103.24,2938.26,95.14,287.41,406.59,736.37,107.3,1672,25,14,2211,50,6,357,671,1130,159,2375,1184,723,1089,442,558,28,20,290,1189,1008,844,856,437,200,974,1842,1531,658,85
1708,2106.08,1820.24,2021.88,11.58,50.76,9.55,511.48,793.21,84.61,20.58,2000.88,471.31,29.52,857.39,14.55,17.61,65.76,241.06,4.95,810,2,7,1161,24,2,72,215,794,131,939,841,281,182,93,484,28,8,161,413,411,379,527,349,132,713,1093,826,274,94
1709,9051.45,7180.41,5775.34,764.52,1961.17,2463.02,3309.82,2240.36,1186.56,214.41,7618.3,5384.66,547.97,6119.87,2128.42,1266.93,2002.78,3924.88,772.96,7930,93,2,683,150,7,4,4327,3536,217,790,5676,2300,326,158,69,9,199,132,3518,2013,1405,1039,895,398,674,2848,2903,1158,1084
1801,17853.6,16094.1,15551.18,1300.73,585,2205.93,5654.46,6301.63,1587.29,233.59,16014.93,5974.51,901.33,10950.19,439.05,1499.74,2346.79,5042.51,517.43,8420,277,92,1784,3010,3738,225,5853,7651,549,3494,5981,8016,892,142,1820,58,38,601,6327,4123,2870,2536,1691,1292,2607,5974,6409,1829,736
1802,1275.06,1004.68,1037.77,107.64,85.56,346.49,191.04,582.39,70.84,7.7,1196.53,751.3,99.65,730.64,67.25,111.54,315.55,692.37,48.46,1025,13,0,58,108,53,1,508,535,79,136,913,129,63,82,40,2,0,28,500,371,167,130,89,45,74,327,514,96,90
1803,9980.28,7839.01,7525.73,1525.84,549.84,500.63,6678,1914.98,1105.5,161.97,8704.22,5601.31,1056.9,5697.39,573.02,834.78,1901.66,3306.14,270.55,7254,203,27,1190,774,102,234,5206,3244,415,919,3152,5495,287,248,423,9,10,158,4171,2648,1436,992,536,532,806,2322,3454,1132,256
1804,44016.96,35321.6,13733.9,24137.21,3508.59,23709.96,17266.23,2157.45,7069.84,915.16,35996.49,35083.82,10793.16,28167.35,7293.21,8700.8,15489.71,20378.29,4468.38,39550,1625,22,884,1131,41,46,32019,9108,571,1602,21192,19646,666,1060,357,23,30,324,24500,13707,3192,1109,790,1364,1878,2178,13311,4218,1821
1805,1885.73,1626.31,1801.73,21.89,29.99,19.45,576.43,859.06,90.24,8.14,1785.28,399.2,49.62,828.52,18.66,90.34,133.59,328.19,20.89,835,1,1,112,218,692,5,817,564,108,376,1372,109,215,8,59,6,0,96,554,406,378,321,205,91,167,782,702,362,110
1806,8741.14,7381.54,7257.02,874.7,320.53,743.33,4303.07,2854.01,928.22,120.91,7666.5,4491.36,788.02,5005.93,467.08,1236.07,1790.12,3856.88,567.67,6210,83,21,1105,530,294,242,4200,3415,204,666,4773,2979,175,70,298,19,3,167,2935,1990,1701,1247,610,455,687,3031,3202,851,513
1807,23550.86,19557.67,14277.12,5577.58,2617.97,6313.39,9104.63,6530.15,3252.9,566.26,19679.93,15762.43,3445.91,14931.65,2259.28,4984.91,7384.55,13729.57,1340.17,19003,603,33,1522,1372,472,171,11880,9272,281,1743,11801,9470,612,274,604,17,22,378,10777,6220,2765,2075,1340,981,1306,4893,8062,2226,1479
1808,4570.81,3390.7,2489.32,1612.86,166.97,359.28,2894.12,1091.59,710.82,112.65,3681.12,3079.05,487.61,2980.18,436.28,657.94,1178.19,1983.87,268.98,3934,28,13,250,132,18,47,2488,1541,203,191,2938,1245,58,61,56,3,1,61,2040,1170,607,383,222,149,313,957,1443,494,219
1809,3678.14,3346.89,3396.25,56.13,169.46,22.32,1439.37,1448.57,171.7,27.74,3472.54,1180.1,101.44,2553.12,63.88,226.33,443.05,1182.71,73.81,2430,5,1,488,226,467,9,1266,1791,135,435,2810,377,155,23,96,2,1,162,1175,858,647,646,301,111,301,1421,1511,290,299
1810,6817.6,6081.58,6391.65,82.63,216.08,636.26,2379.02,2431.39,434.22,82.03,6291.91,1287.61,137.36,4274.07,78.55,267.59,434.85,957.26,65.97,2438,56,43,2422,694,622,402,2384,2541,195,1556,3787,1248,667,136,583,12,2,242,2265,1283,1483,1096,550,498,842,2754,2205,627,189
1811,3970.36,3639.14,3658.58,97.92,138.34,19.93,962.16,1892.56,276.99,33.68,3659.69,958.02,115.2,2680.85,46.81,232.37,410.24,781.09,69.68,1570,21,18,486,740,990,83,1012,2131,241,524,2682,693,267,17,157,5,1,87,897,530,1207,898,377,215,276,2374,1502,366,131
